instrument,entry_time,exit_time,direction,entry_price,exit_price,sl_price,units,risk_gbp,pnl,exit_reason,equity_after
GBP_USD,2026-01-05 03:00:00+00:00,2026-01-05 13:00:00+00:00,LONG,1.34158,1.34271,1.34271,132743,150.0,117.1872,TRAIL_SL,50117.1872
USD_JPY,2026-01-05 03:00:00+00:00,2026-01-05 08:00:00+00:00,SHORT,157.234,156.833,157.16764,455993,150.3516,910.8673,EXIT_MODEL,51028.0545
AUD_USD,2026-01-05 04:00:00+00:00,2026-01-05 16:00:00+00:00,LONG,0.66716,0.67172,0.66973,59566,153.0842,212.2039,EXIT_MODEL,51240.2584
DE30_EUR,2026-01-05 06:00:00+00:00,2026-01-05 08:00:00+00:00,LONG,24683.2,24696.2665,24696.2665,14,153.7208,156.3513,TRAIL_SL,51396.6097
USD_CHF,2026-01-05 09:00:00+00:00,2026-01-05 18:00:00+00:00,SHORT,0.7964,0.79168,0.79471,93006,154.1898,433.2049,EXIT_MODEL,51829.8146
SPX500_USD,2026-01-05 12:00:00+00:00,2026-01-05 16:00:00+00:00,LONG,6885.4,6924.2,6893.95889,23,155.4894,697.1875,EXIT_MODEL,52527.0021
EUR_USD,2026-01-05 13:00:00+00:00,2026-01-05 18:00:00+00:00,LONG,1.16746,1.17251,1.16895,105759,157.581,417.2523,EXIT_MODEL,52944.2544
NAS100_USD,2026-01-05 15:00:00+00:00,2026-01-05 20:00:00+00:00,SHORT,25503.0,25434.4,25604.9035,2,158.8328,107.1875,EOD,53051.4419
AUD_USD,2026-01-06 00:00:00+00:00,2026-01-06 06:00:00+00:00,LONG,0.67102,0.67368,0.67206,153033,159.1543,318.0217,EXIT_MODEL,53369.4636
USD_CHF,2026-01-06 02:00:00+00:00,2026-01-06 15:00:00+00:00,LONG,0.7908,0.79486,0.79203,131761,160.1084,525.79,EXIT_MODEL,53895.2536
GBP_USD,2026-01-06 03:00:00+00:00,2026-01-06 15:00:00+00:00,SHORT,1.3559,1.35077,1.35434,103645,161.6858,415.3897,EXIT_MODEL,54310.6433
EUR_USD,2026-01-06 06:00:00+00:00,2026-01-06 15:00:00+00:00,SHORT,1.17362,1.16953,1.17251,146786,162.9319,469.0271,EXIT_MODEL,54779.6704
DE30_EUR,2026-01-06 08:00:00+00:00,2026-01-06 15:00:00+00:00,LONG,24901.5,24914.0,24829.07172,3,164.339,32.0513,EOD,54811.7217
NAS100_USD,2026-01-06 10:00:00+00:00,2026-01-06 14:00:00+00:00,LONG,25439.6,25452.33374,25452.33374,17,164.4352,169.12,TRAIL_SL,54980.8417
SPX500_USD,2026-01-06 11:00:00+00:00,2026-01-06 14:00:00+00:00,LONG,6905.6,6909.7237,6909.7237,51,164.9425,164.3037,TRAIL_SL,55145.1454
AUD_USD,2026-01-07 00:00:00+00:00,2026-01-07 04:00:00+00:00,LONG,0.67345,0.67599,0.67419,223561,165.4354,443.6289,EXIT_MODEL,55588.7743
USD_JPY,2026-01-07 01:00:00+00:00,2026-01-07 05:00:00+00:00,SHORT,156.72,156.387,156.70729,2632069,166.7663,4378.5558,EXIT_MODEL,59967.3301
GBP_USD,2026-01-07 02:00:00+00:00,2026-01-08 01:00:00+00:00,SHORT,1.35104,1.34558,1.34875,78560,179.902,335.1075,EXIT_MODEL,60302.4376
USD_CHF,2026-01-07 03:00:00+00:00,2026-01-07 18:00:00+00:00,LONG,0.79486,0.7976,0.79517,593738,180.9073,1593.4935,EXIT_MODEL,61895.9311
EUR_USD,2026-01-07 03:00:00+00:00,2026-01-08 03:00:00+00:00,SHORT,1.16986,1.168,1.17134,125465,185.6878,182.3163,MAX_BARS,62078.2474
DE30_EUR,2026-01-07 04:00:00+00:00,2026-01-07 13:00:00+00:00,LONG,25002.0,25118.0,25018.3663,13,186.2347,1288.8889,EXIT_MODEL,63367.1363
NAS100_USD,2026-01-07 09:00:00+00:00,2026-01-07 16:00:00+00:00,LONG,25602.0,25820.5,25701.40897,2,190.1014,341.4062,EXIT_MODEL,63708.5425
SPX500_USD,2026-01-07 16:00:00+00:00,2026-01-07 20:00:00+00:00,SHORT,6968.6,6929.6,6955.294,18,191.1256,548.4375,EOD,64256.98
AUD_USD,2026-01-08 00:00:00+00:00,2026-01-08 14:00:00+00:00,SHORT,0.672,0.66904,0.6706,137694,192.7709,318.4174,EXIT_MODEL,64575.3974
GBP_USD,2026-01-08 03:00:00+00:00,2026-01-08 13:00:00+00:00,SHORT,1.34636,1.34234,1.34496,138376,193.7262,434.5871,EXIT_MODEL,65009.9845
USD_CHF,2026-01-08 03:00:00+00:00,2026-01-08 18:00:00+00:00,LONG,0.79726,0.79987,0.79776,398053,195.03,1014.7336,EXIT_MODEL,66024.7181
DE30_EUR,2026-01-08 04:00:00+00:00,2026-01-08 06:00:00+00:00,LONG,25125.6,25062.51012,25062.51012,4,198.0742,-198.0742,SL,65826.6439
EUR_USD,2026-01-08 04:00:00+00:00,2026-01-08 17:00:00+00:00,SHORT,1.16804,1.16508,1.16729,263307,197.4799,608.8974,EXIT_MODEL,66435.5413
USD_JPY,2026-01-08 07:00:00+00:00,2026-01-08 13:00:00+00:00,LONG,156.47,156.67536,156.67536,194378,199.3066,199.0455,TRAIL_SL,66634.5868
NAS100_USD,2026-01-08 09:00:00+00:00,2026-01-08 14:00:00+00:00,SHORT,25620.0,25610.93059,25610.93059,28,199.9038,198.3933,TRAIL_SL,66832.9801
SPX500_USD,2026-01-08 11:00:00+00:00,2026-01-08 20:00:00+00:00,LONG,6915.6,6928.3,6901.32008,18,200.4989,178.5937,EOD,67011.5738
DE30_EUR,2026-01-09 03:00:00+00:00,2026-01-09 13:00:00+00:00,LONG,25180.8,25313.2,25203.77217,10,201.0347,1131.6239,EXIT_MODEL,68143.1977
AUD_USD,2026-01-09 04:00:00+00:00,2026-01-09 12:00:00+00:00,SHORT,0.6697,0.66758,0.66901,296275,204.4296,490.7055,EXIT_MODEL,68633.9032
USD_CHF,2026-01-09 07:00:00+00:00,2026-01-09 13:00:00+00:00,LONG,0.79962,0.79867,0.79867,221835,205.9017,-205.9017,SL,68428.0015
SPX500_USD,2026-01-09 07:00:00+00:00,2026-01-09 16:00:00+00:00,LONG,6928.2,6971.6,6943.50406,17,205.284,576.4063,EXIT_MODEL,69004.4078
EUR_USD,2026-01-09 07:00:00+00:00,2026-01-09 20:00:00+00:00,SHORT,1.16508,1.16347,1.16624,178460,207.0132,224.4692,FRIDAY_CLOSE,69228.877
NAS100_USD,2026-01-09 10:00:00+00:00,2026-01-09 14:00:00+00:00,LONG,25581.6,25506.96662,25506.96662,4,207.6866,-207.6866,SL,69021.1904
GBP_USD,2026-01-09 10:00:00+00:00,2026-01-09 20:00:00+00:00,LONG,1.34084,1.34069,1.3391,119002,207.0636,-13.9455,FRIDAY_CLOSE,69007.2449
AUD_USD,2026-01-11 22:00:00+00:00,2026-01-12 00:00:00+00:00,SHORT,0.66874,0.67009,0.67009,153349,207.0217,-161.7353,SL,68845.5096
USD_JPY,2026-01-11 22:00:00+00:00,2026-01-12 00:00:00+00:00,SHORT,158.064,157.9472,157.9472,357764,206.5365,206.6891,TRAIL_SL,69052.1987
GBP_USD,2026-01-11 22:00:00+00:00,2026-01-12 00:00:00+00:00,LONG,1.33944,1.33988,1.33988,470810,207.1566,161.8409,TRAIL_SL,69214.0396
EUR_USD,2026-01-11 22:00:00+00:00,2026-01-12 00:00:00+00:00,LONG,1.16332,1.16356,1.16356,865175,207.6421,162.2203,TRAIL_SL,69376.2599
USD_CHF,2026-01-11 22:00:00+00:00,2026-01-12 00:00:00+00:00,SHORT,0.8012,0.79995,0.79995,170755,208.1288,208.4542,TRAIL_SL,69584.7141
USD_JPY,2026-01-12 00:00:00+00:00,2026-01-12 02:00:00+00:00,LONG,157.576,158.051,157.61085,1208182,208.7541,2836.7349,EXIT_MODEL,72421.449
AUD_USD,2026-01-12 02:00:00+00:00,2026-01-12 15:00:00+00:00,LONG,0.66952,0.67198,0.6701,374594,217.2643,719.9228,EXIT_MODEL,73141.3718
DE30_EUR,2026-01-12 03:00:00+00:00,2026-01-12 12:00:00+00:00,LONG,25265.2,25446.2,25341.49287,3,219.4241,464.1026,EXIT_MODEL,73605.4744
USD_CHF,2026-01-12 08:00:00+00:00,2026-01-13 08:00:00+00:00,LONG,0.79594,0.7976,0.79433,139732,220.8164,227.2003,MAX_BARS,73832.6747
NAS100_USD,2026-01-12 10:00:00+00:00,2026-01-12 18:00:00+00:00,LONG,25562.1,25836.8,25654.57646,3,221.498,643.8281,EXIT_MODEL,74476.5028
SPX500_USD,2026-01-12 11:00:00+00:00,2026-01-12 14:00:00+00:00,LONG,6928.0,6935.49873,6935.49873,38,223.4295,222.6185,TRAIL_SL,74699.1213
USD_JPY,2026-01-13 00:00:00+00:00,2026-01-13 02:00:00+00:00,LONG,158.162,158.672,158.32777,273680,224.0974,687.2314,EXIT_MODEL,75386.3527
DE30_EUR,2026-01-13 07:00:00+00:00,2026-01-13 14:00:00+00:00,SHORT,25482.8,25535.67551,25535.67551,5,226.1591,-225.9637,SL,75160.389
GBP_USD,2026-01-13 08:00:00+00:00,2026-01-13 13:00:00+00:00,SHORT,1.34766,1.3494,1.3494,129587,225.4812,-176.1573,SL,74984.2317
EUR_USD,2026-01-13 08:00:00+00:00,2026-01-14 01:00:00+00:00,SHORT,1.16693,1.16382,1.16657,624869,224.9527,1518.2364,EXIT_MODEL,76502.4681
USD_CHF,2026-01-13 08:00:00+00:00,2026-01-13 16:00:00+00:00,LONG,0.7976,0.80052,0.79807,498533,229.5074,1420.6746,EXIT_MODEL,77923.1427
AUD_USD,2026-01-13 09:00:00+00:00,2026-01-13 13:00:00+00:00,SHORT,0.67061,0.67159,0.67159,238540,233.7694,-182.6322,SL,77740.5105
NAS100_USD,2026-01-13 10:00:00+00:00,2026-01-13 15:00:00+00:00,LONG,25739.2,25673.17568,25673.17568,5,233.2215,-233.2215,SL,77507.289
SPX500_USD,2026-01-13 13:00:00+00:00,2026-01-13 18:00:00+00:00,SHORT,6988.8,6960.5,6987.76836,288,232.5219,6367.5,EXIT_MODEL,83874.789
GBP_USD,2026-01-14 01:00:00+00:00,2026-01-14 09:00:00+00:00,LONG,1.34227,1.3457,1.34266,645191,251.6244,1728.9103,EXIT_MODEL,85603.6993
USD_JPY,2026-01-14 01:00:00+00:00,2026-01-14 09:00:00+00:00,SHORT,159.339,158.762,159.09921,218431,256.8111,620.2026,EXIT_MODEL,86223.9019
AUD_USD,2026-01-14 03:00:00+00:00,2026-01-14 13:00:00+00:00,SHORT,0.66992,0.66793,0.6696,808349,258.6717,1256.7301,EXIT_MODEL,87480.632
DE30_EUR,2026-01-14 04:00:00+00:00,2026-01-14 11:00:00+00:00,SHORT,25456.8,25349.7,25441.40442,20,262.4419,1830.7692,EXIT_MODEL,89311.4012
USD_CHF,2026-01-14 08:00:00+00:00,2026-01-14 15:00:00+00:00,SHORT,0.80214,0.79872,0.80114,275099,267.9342,920.2601,EXIT_MODEL,90231.6613
NAS100_USD,2026-01-14 09:00:00+00:00,2026-01-14 14:00:00+00:00,SHORT,25714.2,25603.2752,25603.2752,3,270.695,259.98,TRAIL_SL,90491.6413
SPX500_USD,2026-01-14 12:00:00+00:00,2026-01-14 15:00:00+00:00,SHORT,6945.8,6935.68833,6935.68833,34,271.4749,268.5912,TRAIL_SL,90760.2325
EUR_USD,2026-01-14 12:00:00+00:00,2026-01-15 12:00:00+00:00,SHORT,1.16598,1.16228,1.16502,283626,272.2807,819.8564,MAX_BARS,91580.0889
AUD_USD,2026-01-15 03:00:00+00:00,2026-01-15 13:00:00+00:00,LONG,0.66724,0.66826,0.66826,269353,274.7403,214.6407,TRAIL_SL,91794.7296
DE30_EUR,2026-01-15 04:00:00+00:00,2026-01-15 15:00:00+00:00,SHORT,25378.2,25390.7,25442.92967,5,275.3842,-53.4188,EOD,91741.3108
USD_JPY,2026-01-15 05:00:00+00:00,2026-01-16 02:00:00+00:00,LONG,158.434,158.11958,158.11958,177515,275.2239,-275.2239,SL,91466.0869
GBP_USD,2026-01-15 05:00:00+00:00,2026-01-15 07:00:00+00:00,SHORT,1.34274,1.34431,1.34431,174776,274.3983,-214.3737,SL,91251.7132
USD_CHF,2026-01-15 09:00:00+00:00,2026-01-15 14:00:00+00:00,LONG,0.80052,0.80365,0.80132,350634,273.7551,1066.8944,EXIT_MODEL,92318.6076
NAS100_USD,2026-01-15 13:00:00+00:00,2026-01-15 20:00:00+00:00,SHORT,25761.0,25585.3,25864.72808,3,276.9558,411.7969,EOD,92730.4045
SPX500_USD,2026-01-15 16:00:00+00:00,2026-01-15 20:00:00+00:00,SHORT,6984.0,6955.3,7002.70072,19,278.1912,426.0156,EOD,93156.4201
USD_CHF,2026-01-16 00:00:00+00:00,2026-01-16 20:00:00+00:00,SHORT,0.80378,0.8031,0.80497,241621,279.4693,159.8321,FRIDAY_CLOSE,93316.2522
AUD_USD,2026-01-16 03:00:00+00:00,2026-01-16 15:00:00+00:00,SHORT,0.67042,0.66941,0.66941,277177,279.9488,218.71,TRAIL_SL,93534.9622
GBP_USD,2026-01-16 06:00:00+00:00,2026-01-16 11:00:00+00:00,LONG,1.33805,1.34078,1.33814,3117832,280.6049,6649.7511,EXIT_MODEL,100184.7133
DE30_EUR,2026-01-16 07:00:00+00:00,2026-01-16 14:00:00+00:00,SHORT,25345.0,25250.5,25339.62911,44,200.3694,3553.8462,EXIT_MODEL,103738.5595
NAS100_USD,2026-01-16 10:00:00+00:00,2026-01-16 15:00:00+00:00,SHORT,25722.8,25548.8,25702.3173,13,207.4771,1767.1875,EXIT_MODEL,105505.747
SPX500_USD,2026-01-16 10:00:00+00:00,2026-01-16 20:00:00+00:00,SHORT,6972.0,6947.5,6985.02535,21,211.0115,401.9531,EOD,105907.7001
EUR_USD,2026-01-16 11:00:00+00:00,2026-01-16 15:00:00+00:00,SHORT,1.16193,1.1617,1.1617,920937,211.8154,165.4809,TRAIL_SL,106073.181
USD_JPY,2026-01-16 14:00:00+00:00,2026-01-16 20:00:00+00:00,LONG,157.912,158.08,157.62055,147128,212.1464,122.1568,FRIDAY_CLOSE,106195.3378
AUD_USD,2026-01-18 22:00:00+00:00,2026-01-18 23:00:00+00:00,LONG,0.66716,0.66731,0.66731,1415938,212.3907,165.9302,TRAIL_SL,106361.268
USD_JPY,2026-01-18 22:00:00+00:00,2026-01-18 23:00:00+00:00,LONG,157.874,157.59767,157.59767,155563,212.7225,-212.7225,SL,106148.5455
EUR_USD,2026-01-18 22:00:00+00:00,2026-01-18 23:00:00+00:00,LONG,1.15844,1.15935,1.15935,233294,212.2971,165.8575,TRAIL_SL,106314.403
GBP_USD,2026-01-18 22:00:00+00:00,2026-01-18 23:00:00+00:00,LONG,1.33556,1.33667,1.33667,191557,212.6288,166.1158,TRAIL_SL,106480.5188
USD_JPY,2026-01-19 00:00:00+00:00,2026-01-19 07:00:00+00:00,LONG,157.475,158.08,157.64968,245742,212.961,734.764,EXIT_MODEL,107215.2828
DE30_EUR,2026-01-19 06:00:00+00:00,2026-01-19 15:00:00+00:00,LONG,24977.6,24974.0,24872.38373,2,214.4306,-6.1538,EOD,107209.129
NAS100_USD,2026-01-19 08:00:00+00:00,2026-01-19 23:00:00+00:00,SHORT,25262.8,25258.6,25362.38739,3,214.4183,9.8438,EOD,107218.9728
USD_CHF,2026-01-19 14:00:00+00:00,2026-01-20 07:00:00+00:00,LONG,0.79682,0.79518,0.79518,133361,214.4379,-214.4379,SL,107004.5349
AUD_USD,2026-01-20 00:00:00+00:00,2026-01-20 04:00:00+00:00,LONG,0.67099,0.67378,0.67256,136312,214.0091,297.1176,EXIT_MODEL,107301.6525
DE30_EUR,2026-01-20 01:00:00+00:00,2026-01-20 08:00:00+00:00,SHORT,24956.6,24846.24807,24846.24807,2,214.6033,188.6358,TRAIL_SL,107490.2883
USD_JPY,2026-01-20 06:00:00+00:00,2026-01-20 08:00:00+00:00,SHORT,158.418,158.18577,158.18577,187713,214.9806,215.2957,TRAIL_SL,107705.584
GBP_USD,2026-01-20 06:00:00+00:00,2026-01-20 07:00:00+00:00,LONG,1.34352,1.34475,1.34475,175131,215.4112,168.2899,TRAIL_SL,107873.8739
SPX500_USD,2026-01-20 11:00:00+00:00,2026-01-20 15:00:00+00:00,SHORT,6843.2,6864.81288,6864.81288,13,215.7477,-215.7477,SL,107658.1262
NAS100_USD,2026-01-20 15:00:00+00:00,2026-01-20 20:00:00+00:00,SHORT,25243.2,25025.4,25376.02818,2,215.3163,340.3125,EOD,107998.4387
GBP_USD,2026-01-21 01:00:00+00:00,2026-01-21 10:00:00+00:00,SHORT,1.34522,1.34074,1.34469,407541,215.9969,1426.3935,EXIT_MODEL,109424.8322
USD_CHF,2026-01-21 01:00:00+00:00,2026-01-21 19:00:00+00:00,LONG,0.78943,0.79564,0.792,86047,218.8497,524.6875,EXIT_MODEL,109949.5197
USD_JPY,2026-01-21 02:00:00+00:00,2026-01-21 23:00:00+00:00,LONG,157.917,158.462,158.04976,334807,219.899,899.6134,EXIT_MODEL,110849.1331
AUD_USD,2026-01-21 02:00:00+00:00,2026-01-21 12:00:00+00:00,LONG,0.67358,0.67518,0.67518,138561,221.6983,173.2013,TRAIL_SL,111022.3344
NAS100_USD,2026-01-21 10:00:00+00:00,2026-01-21 11:00:00+00:00,LONG,25037.4,24933.68223,24933.68223,3,222.0447,-222.0447,SL,110800.2897
SPX500_USD,2026-01-21 11:00:00+00:00,2026-01-21 14:00:00+00:00,LONG,6794.0,6810.92743,6810.92743,17,221.6006,224.8174,TRAIL_SL,111025.1071
EUR_USD,2026-01-21 12:00:00+00:00,2026-01-21 23:00:00+00:00,SHORT,1.17349,1.1673,1.17124,98689,222.0502,477.2538,EXIT_MODEL,111502.3609
USD_JPY,2026-01-22 00:00:00+00:00,2026-01-22 06:00:00+00:00,LONG,158.242,158.778,158.37218,346978,223.0047,915.0955,EXIT_MODEL,112417.4564
USD_CHF,2026-01-22 05:00:00+00:00,2026-01-22 20:00:00+00:00,SHORT,0.79468,0.78962,0.79328,163357,224.8349,817.8246,EXIT_MODEL,113235.281
GBP_USD,2026-01-22 06:00:00+00:00,2026-01-22 11:00:00+00:00,LONG,1.34258,1.34046,1.34046,106826,226.4706,-176.9306,SL,113058.3504
EUR_USD,2026-01-22 08:00:00+00:00,2026-01-22 16:00:00+00:00,LONG,1.1689,1.17388,1.17029,162674,226.1167,632.9035,EXIT_MODEL,113691.2539
NAS100_USD,2026-01-22 09:00:00+00:00,2026-01-22 20:00:00+00:00,SHORT,25585.2,25549.2,25722.0199,2,227.3825,56.25,EOD,113747.5039
DE30_EUR,2026-01-22 09:00:00+00:00,2026-01-22 15:00:00+00:00,SHORT,24950.0,24876.0,25078.08641,2,227.495,126.4957,EOD,113873.9996
SPX500_USD,2026-01-22 13:00:00+00:00,2026-01-22 20:00:00+00:00,SHORT,6933.0,6921.4,6957.06763,12,227.748,108.75,EOD,113982.7496
AUD_USD,2026-01-23 02:00:00+00:00,2026-01-23 14:00:00+00:00,LONG,0.68409,0.68488,0.68488,288564,227.9655,178.0981,TRAIL_SL,114160.8477
USD_JPY,2026-01-23 06:00:00+00:00,2026-01-23 07:00:00+00:00,SHORT,158.872,158.76295,158.76295,425774,228.3217,228.4787,TRAIL_SL,114389.3264
GBP_USD,2026-01-23 06:00:00+00:00,2026-01-23 15:00:00+00:00,LONG,1.34838,1.35644,1.35287,50953,228.7787,320.8447,EXIT_MODEL,114710.1711
DE30_EUR,2026-01-23 07:00:00+00:00,2026-01-23 15:00:00+00:00,LONG,24860.6,24938.0,24777.06179,3,229.4203,198.4615,EOD,114908.6326
USD_CHF,2026-01-23 07:00:00+00:00,2026-01-23 17:00:00+00:00,SHORT,0.79049,0.7858,0.78851,117442,229.8173,547.6137,EXIT_MODEL,115456.2463
EUR_USD,2026-01-23 09:00:00+00:00,2026-01-23 17:00:00+00:00,LONG,1.17354,1.17944,1.1764,80739,230.9125,372.1563,EXIT_MODEL,115828.4026
NAS100_USD,2026-01-23 09:00:00+00:00,2026-01-23 15:00:00+00:00,LONG,25446.6,25714.2,25518.54174,4,231.6568,836.25,EXIT_MODEL,116664.6526
SPX500_USD,2026-01-23 13:00:00+00:00,2026-01-23 20:00:00+00:00,LONG,6902.4,6921.0,6883.2949,16,233.3293,232.5,EOD,116897.1526
USD_JPY,2026-01-25 22:00:00+00:00,2026-01-26 00:00:00+00:00,SHORT,154.599,155.31929,155.31929,64231,233.7943,-232.7109,SL,116664.4417
USD_JPY,2026-01-26 00:00:00+00:00,2026-01-26 09:00:00+00:00,SHORT,154.844,153.67,154.6987,318278,233.3289,1899.659,EXIT_MODEL,118564.1007
DE30_EUR,2026-01-26 02:00:00+00:00,2026-01-26 13:00:00+00:00,LONG,24769.6,24949.0,24792.43518,12,237.1282,1840.0,EXIT_MODEL,120404.1007
AUD_USD,2026-01-26 03:00:00+00:00,2026-01-26 14:00:00+00:00,LONG,0.69127,0.69396,0.69142,1605388,240.8082,3373.8232,EXIT_MODEL,123777.9239
GBP_USD,2026-01-26 06:00:00+00:00,2026-01-26 15:00:00+00:00,LONG,1.36562,1.37078,1.36601,634759,247.5558,2558.8722,EXIT_MODEL,126336.7961
USD_CHF,2026-01-26 06:00:00+00:00,2026-01-27 06:00:00+00:00,SHORT,0.77792,0.77755,0.7805,97518,252.6736,36.2534,MAX_BARS,126373.0495
EUR_USD,2026-01-26 07:00:00+00:00,2026-01-26 15:00:00+00:00,LONG,1.18388,1.18954,1.18402,1805329,252.7461,7982.9392,EXIT_MODEL,134355.9887
SPX500_USD,2026-01-26 09:00:00+00:00,2026-01-26 15:00:00+00:00,LONG,6903.8,6959.0,6915.92285,28,268.712,1207.5,EXIT_MODEL,135563.4887
NAS100_USD,2026-01-26 10:00:00+00:00,2026-01-26 16:00:00+00:00,LONG,25540.8,25795.8,25570.46394,12,271.127,2390.625,EXIT_MODEL,137954.1137
AUD_USD,2026-01-27 00:00:00+00:00,2026-01-27 14:00:00+00:00,LONG,0.69082,0.696,0.69395,88150,275.9082,356.732,EXIT_MODEL,138310.8457
GBP_USD,2026-01-27 04:00:00+00:00,2026-01-27 14:00:00+00:00,LONG,1.36748,1.37707,1.37306,49574,276.6217,371.4177,EXIT_MODEL,138682.2634
DE30_EUR,2026-01-27 04:00:00+00:00,2026-01-27 15:00:00+00:00,SHORT,25024.0,24937.0,25089.54463,5,277.3645,371.7949,EOD,139054.0583
USD_CHF,2026-01-27 06:00:00+00:00,2026-01-27 12:00:00+00:00,SHORT,0.77755,0.77098,0.77498,107701,278.1081,717.0212,EXIT_MODEL,139771.0795
USD_JPY,2026-01-27 07:00:00+00:00,2026-01-27 09:00:00+00:00,SHORT,154.734,154.37671,154.37671,154961,279.5422,280.1893,TRAIL_SL,140051.2688
EUR_USD,2026-01-27 08:00:00+00:00,2026-01-27 12:00:00+00:00,LONG,1.18608,1.19281,1.18843,119193,280.1025,626.6944,EXIT_MODEL,140677.9632
NAS100_USD,2026-01-27 11:00:00+00:00,2026-01-27 16:00:00+00:00,SHORT,25928.4,26000.51837,26000.51837,5,281.3559,-281.3559,SL,140396.6073
SPX500_USD,2026-01-27 12:00:00+00:00,2026-01-27 20:00:00+00:00,LONG,6974.6,6987.0,6961.72028,28,280.7932,271.25,EOD,140667.8573
AUD_USD,2026-01-28 01:00:00+00:00,2026-01-28 21:00:00+00:00,LONG,0.69862,0.7041,0.70117,110328,281.3357,472.3417,EXIT_MODEL,141140.199
DE30_EUR,2026-01-28 04:00:00+00:00,2026-01-28 12:00:00+00:00,SHORT,24924.6,24846.04038,24846.04038,4,282.2804,268.5799,TRAIL_SL,141408.7789
USD_JPY,2026-01-28 06:00:00+00:00,2026-01-28 15:00:00+00:00,LONG,152.65,152.78219,152.78219,418037,282.8176,282.573,TRAIL_SL,141691.3519
EUR_USD,2026-01-28 09:00:00+00:00,2026-01-29 09:00:00+00:00,SHORT,1.19869,1.19558,1.20225,79602,283.3827,193.408,MAX_BARS,141884.7599
SPX500_USD,2026-01-28 10:00:00+00:00,2026-01-28 16:00:00+00:00,SHORT,7013.2,6977.5,7001.46512,31,283.7695,864.6094,EXIT_MODEL,142749.3693
NAS100_USD,2026-01-28 10:00:00+00:00,2026-01-28 16:00:00+00:00,SHORT,26214.4,26016.2,26157.74584,6,285.4987,929.0625,EXIT_MODEL,143678.4318
GBP_USD,2026-01-28 11:00:00+00:00,2026-01-29 04:00:00+00:00,LONG,1.37698,1.38392,1.37809,258880,287.3569,1403.615,EXIT_MODEL,145082.0468
DE30_EUR,2026-01-29 04:00:00+00:00,2026-01-29 08:00:00+00:00,SHORT,24896.2,24785.84397,24785.84397,3,290.1641,282.9642,TRAIL_SL,145365.011
AUD_USD,2026-01-29 04:00:00+00:00,2026-01-29 13:00:00+00:00,SHORT,0.70904,0.70693,0.70693,137787,290.73,227.1333,TRAIL_SL,145592.1443
USD_CHF,2026-01-29 04:00:00+00:00,2026-01-30 04:00:00+00:00,LONG,0.76521,0.7684,0.76229,97673,291.1843,316.7874,MAX_BARS,145908.9317
GBP_USD,2026-01-29 04:00:00+00:00,2026-01-29 15:00:00+00:00,SHORT,1.38392,1.38229,1.38229,179029,291.8179,227.9822,TRAIL_SL,146136.9139
USD_JPY,2026-01-29 07:00:00+00:00,2026-01-30 02:00:00+00:00,SHORT,153.311,153.80783,153.80783,115442,292.2738,-291.3287,SL,145845.5852
NAS100_USD,2026-01-29 11:00:00+00:00,2026-01-29 14:00:00+00:00,SHORT,26098.6,25949.74519,25949.74519,3,291.6912,348.8785,TRAIL_SL,146194.4637
SPX500_USD,2026-01-29 11:00:00+00:00,2026-01-29 14:00:00+00:00,SHORT,6997.4,6980.45157,6980.45157,22,292.3889,291.3011,TRAIL_SL,146485.7648
EUR_USD,2026-01-29 12:00:00+00:00,2026-01-30 12:00:00+00:00,SHORT,1.19613,1.19194,1.1993,92420,292.9715,302.5311,MAX_BARS,146788.2959
DE30_EUR,2026-01-30 05:00:00+00:00,2026-01-30 08:00:00+00:00,LONG,24448.6,24334.66846,24334.66846,3,293.5766,-292.1322,SL,146496.1637
GBP_USD,2026-01-30 07:00:00+00:00,2026-01-30 20:00:00+00:00,SHORT,1.37695,1.36832,1.37438,114005,292.9923,768.6431,FRIDAY_CLOSE,147264.8068
USD_CHF,2026-01-30 07:00:00+00:00,2026-01-30 20:00:00+00:00,LONG,0.76744,0.77304,0.76805,474300,294.5296,2684.2887,FRIDAY_CLOSE,149949.0955
USD_JPY,2026-01-30 07:00:00+00:00,2026-01-30 14:00:00+00:00,LONG,153.809,154.466,153.88081,822206,299.8982,2732.1412,EXIT_MODEL,152681.2367
AUD_USD,2026-01-30 08:00:00+00:00,2026-01-30 20:00:00+00:00,SHORT,0.70046,0.69632,0.70364,96026,305.3625,310.5841,FRIDAY_CLOSE,152991.8208
NAS100_USD,2026-01-30 11:00:00+00:00,2026-01-30 20:00:00+00:00,SHORT,25772.6,25575.8,25932.16138,2,305.9836,307.5,EOD,153299.3208
AUD_USD,2026-02-01 22:00:00+00:00,2026-02-02 22:00:00+00:00,LONG,0.69408,0.69488,0.69061,88357,306.5986,55.2231,MAX_BARS,153354.5439
EUR_USD,2026-02-01 22:00:00+00:00,2026-02-02 13:00:00+00:00,LONG,1.18505,1.18188,1.18188,96754,306.7091,-239.6173,SL,153114.9266
USD_CHF,2026-02-01 22:00:00+00:00,2026-02-02 10:00:00+00:00,SHORT,0.77367,0.77608,0.77608,125833,306.2299,-305.2777,SL,152809.6489
GBP_USD,2026-02-01 22:00:00+00:00,2026-02-02 22:00:00+00:00,SHORT,1.36862,1.36656,1.37234,82156,305.6193,132.2198,MAX_BARS,152941.8687
USD_JPY,2026-02-02 03:00:00+00:00,2026-02-02 15:00:00+00:00,LONG,154.978,155.668,155.01481,1648430,305.8837,5708.3459,EXIT_MODEL,158650.2146
DE30_EUR,2026-02-02 05:00:00+00:00,2026-02-02 09:00:00+00:00,LONG,24298.6,24604.1,24400.59162,4,317.3004,1044.4444,EXIT_MODEL,159694.659
SPX500_USD,2026-02-02 06:00:00+00:00,2026-02-02 15:00:00+00:00,LONG,6854.6,6974.4,6895.01926,10,319.3893,935.9375,EXIT_MODEL,160630.5965
NAS100_USD,2026-02-02 10:00:00+00:00,2026-02-02 17:00:00+00:00,LONG,25310.4,25827.1,25457.76331,3,321.2612,1211.0156,EXIT_MODEL,161841.6121
USD_JPY,2026-02-03 00:00:00+00:00,2026-02-03 11:00:00+00:00,LONG,155.47,155.952,155.48723,3738449,323.6832,9026.8782,EXIT_MODEL,170868.4903
AUD_USD,2026-02-03 00:00:00+00:00,2026-02-03 03:00:00+00:00,LONG,0.69684,0.69873,0.69873,180813,341.737,266.9817,TRAIL_SL,171135.472
GBP_USD,2026-02-03 06:00:00+00:00,2026-02-03 11:00:00+00:00,SHORT,1.36933,1.36508,1.36929,8556774,342.2709,28411.1637,EXIT_MODEL,199546.6357
DE30_EUR,2026-02-03 08:00:00+00:00,2026-02-03 13:00:00+00:00,SHORT,25098.6,24830.6,24999.32442,5,399.0933,1145.2991,EXIT_MODEL,200691.9348
USD_CHF,2026-02-03 09:00:00+00:00,2026-02-04 04:00:00+00:00,SHORT,0.77888,0.7748,0.77855,1212625,401.3839,4988.6967,EXIT_MODEL,205680.6315
EUR_USD,2026-02-03 10:00:00+00:00,2026-02-04 04:00:00+00:00,LONG,1.17871,1.18355,1.17905,1209886,411.3613,4574.8814,EXIT_MODEL,210255.5129
NAS100_USD,2026-02-03 11:00:00+00:00,2026-02-03 14:00:00+00:00,SHORT,25856.5,25760.51456,25760.51456,6,420.511,449.9318,TRAIL_SL,210705.4447
SPX500_USD,2026-02-03 11:00:00+00:00,2026-02-03 16:00:00+00:00,SHORT,6992.0,6934.0,6974.56259,31,421.4109,1404.6875,EXIT_MODEL,212110.1322
GBP_USD,2026-02-04 04:00:00+00:00,2026-02-04 16:00:00+00:00,SHORT,1.3716,1.36574,1.36977,231814,424.2203,1061.2735,EXIT_MODEL,213171.4057
USD_CHF,2026-02-04 04:00:00+00:00,2026-02-05 03:00:00+00:00,LONG,0.7748,0.778,0.77488,5285287,426.3428,16983.5701,EXIT_MODEL,230154.9758
EUR_USD,2026-02-04 04:00:00+00:00,2026-02-05 02:00:00+00:00,SHORT,1.18355,1.17856,1.18242,407354,460.31,1588.0441,EXIT_MODEL,231743.0199
DE30_EUR,2026-02-04 05:00:00+00:00,2026-02-04 15:00:00+00:00,SHORT,24810.6,24703.0,24910.64804,5,463.486,459.8291,EOD,232202.849
AUD_USD,2026-02-04 05:00:00+00:00,2026-02-05 02:00:00+00:00,SHORT,0.7029,0.69918,0.69918,124840,464.4057,362.8162,TRAIL_SL,232565.6652
NAS100_USD,2026-02-04 06:00:00+00:00,2026-02-04 16:00:00+00:00,SHORT,25387.6,24952.2,25219.0501,4,465.1313,1360.625,EXIT_MODEL,233926.2902
SPX500_USD,2026-02-04 07:00:00+00:00,2026-02-04 16:00:00+00:00,SHORT,6941.2,6893.4,6938.88933,259,467.8526,9672.0313,EXIT_MODEL,243598.3215
USD_CHF,2026-02-05 04:00:00+00:00,2026-02-05 13:00:00+00:00,SHORT,0.77825,0.77474,0.77738,557846,487.1966,1974.4925,EXIT_MODEL,245572.814
DE30_EUR,2026-02-05 04:00:00+00:00,2026-02-05 13:00:00+00:00,SHORT,24632.5,24351.3,24560.71835,8,491.1456,1922.735,EXIT_MODEL,247495.549
AUD_USD,2026-02-05 06:00:00+00:00,2026-02-05 23:00:00+00:00,SHORT,0.69776,0.69158,0.69461,157140,494.9911,758.6916,EXIT_MODEL,248254.2406
SPX500_USD,2026-02-05 06:00:00+00:00,2026-02-05 15:00:00+00:00,SHORT,6895.6,6799.8,6869.45081,24,496.5085,1796.25,EXIT_MODEL,250050.4906
GBP_USD,2026-02-05 07:00:00+00:00,2026-02-05 09:00:00+00:00,SHORT,1.36202,1.35658,1.36043,314529,500.101,1336.7483,EXIT_MODEL,251387.2389
USD_JPY,2026-02-05 09:00:00+00:00,2026-02-05 13:00:00+00:00,SHORT,157.329,156.596,156.98221,291961,502.7745,1067.6728,EXIT_MODEL,252454.9117
EUR_USD,2026-02-05 09:00:00+00:00,2026-02-06 09:00:00+00:00,LONG,1.17808,1.1792,1.1763,283657,504.9098,248.1999,MAX_BARS,252703.1116
NAS100_USD,2026-02-05 09:00:00+00:00,2026-02-05 15:00:00+00:00,SHORT,24948.2,24553.4,24881.53554,10,505.4062,3084.375,EXIT_MODEL,255787.4866
USD_JPY,2026-02-06 00:00:00+00:00,2026-02-06 12:00:00+00:00,LONG,156.653,157.082,156.66081,13134300,511.575,28023.8521,EXIT_MODEL,283811.3387
DE30_EUR,2026-02-06 04:00:00+00:00,2026-02-06 15:00:00+00:00,LONG,24439.8,24731.5,24464.89469,26,567.6227,6482.2222,EOD,290293.5609
USD_CHF,2026-02-06 08:00:00+00:00,2026-02-06 14:00:00+00:00,SHORT,0.77844,0.77566,0.7784,14462472,580.5871,40495.425,EXIT_MODEL,330788.9859
EUR_USD,2026-02-06 11:00:00+00:00,2026-02-06 20:00:00+00:00,LONG,1.17902,1.18222,1.17912,6615780,661.578,16539.45,FRIDAY_CLOSE,347328.4359
USD_CHF,2026-02-08 22:00:00+00:00,2026-02-09 08:00:00+00:00,SHORT,0.77626,0.77238,0.77509,589932,694.6569,2315.2223,EXIT_MODEL,349643.6582
USD_JPY,2026-02-08 22:00:00+00:00,2026-02-09 01:00:00+00:00,SHORT,157.412,156.632,157.05469,394329,699.2873,1534.1325,EXIT_MODEL,351177.7907
GBP_USD,2026-02-08 22:00:00+00:00,2026-02-09 15:00:00+00:00,LONG,1.36029,1.36778,1.36387,196189,702.3556,1148.0122,EXIT_MODEL,352325.8029
AUD_USD,2026-02-08 22:00:00+00:00,2026-02-09 14:00:00+00:00,LONG,0.70168,0.70804,0.70549,184948,704.6516,918.9604,EXIT_MODEL,353244.7633
DE30_EUR,2026-02-09 07:00:00+00:00,2026-02-09 15:00:00+00:00,LONG,24819.0,24995.5,24837.01601,46,706.4895,6939.3162,EOD,360184.0795
USD_JPY,2026-02-09 09:00:00+00:00,2026-02-09 14:00:00+00:00,SHORT,156.644,155.607,156.17377,307162,720.3682,1599.2161,EXIT_MODEL,361783.2956
SPX500_USD,2026-02-09 10:00:00+00:00,2026-02-09 16:00:00+00:00,LONG,6919.0,6980.7,6925.6248,140,723.5666,6748.4375,EXIT_MODEL,368531.7331
NAS100_USD,2026-02-09 10:00:00+00:00,2026-02-09 19:00:00+00:00,LONG,24968.2,25330.0,25023.10098,17,737.0635,4805.1562,EXIT_MODEL,373336.8893
EUR_USD,2026-02-09 10:00:00+00:00,2026-02-09 14:00:00+00:00,LONG,1.186,1.19184,1.18843,307273,746.6738,1401.9331,EXIT_MODEL,374738.8224
GBP_USD,2026-02-10 02:00:00+00:00,2026-02-10 23:00:00+00:00,SHORT,1.36932,1.3633,1.3678,493077,749.4776,2319.0028,EXIT_MODEL,377057.8252
DE30_EUR,2026-02-10 03:00:00+00:00,2026-02-10 15:00:00+00:00,LONG,25000.0,25017.0,24919.96295,11,754.1157,159.8291,EOD,377217.6543
USD_CHF,2026-02-10 06:00:00+00:00,2026-02-10 14:00:00+00:00,SHORT,0.76748,0.76352,0.76632,638912,754.4353,2588.8438,EXIT_MODEL,379806.4981
EUR_USD,2026-02-10 06:00:00+00:00,2026-02-11 00:00:00+00:00,LONG,1.19031,1.18866,1.18866,460372,759.613,-593.4483,SL,379213.0498
USD_JPY,2026-02-10 06:00:00+00:00,2026-02-10 14:00:00+00:00,SHORT,155.41,154.389,154.9398,320863,758.4261,1657.7501,EXIT_MODEL,380870.7999
AUD_USD,2026-02-10 06:00:00+00:00,2026-02-11 01:00:00+00:00,LONG,0.70684,0.70951,0.70738,1410633,761.7416,2942.4923,EXIT_MODEL,383813.2922
NAS100_USD,2026-02-10 11:00:00+00:00,2026-02-10 20:00:00+00:00,SHORT,25300.8,25151.0,25402.19,10,767.6266,1170.3125,EOD,384983.6047
SPX500_USD,2026-02-10 11:00:00+00:00,2026-02-10 20:00:00+00:00,SHORT,6976.6,6946.9,6995.03573,53,769.9672,1229.7656,EOD,386213.3703
DE30_EUR,2026-02-11 03:00:00+00:00,2026-02-11 08:00:00+00:00,SHORT,25052.0,24901.5,25013.59404,24,772.4267,3087.1795,EXIT_MODEL,389300.5498
USD_CHF,2026-02-11 05:00:00+00:00,2026-02-11 13:00:00+00:00,LONG,0.76552,0.76753,0.76753,379564,778.6011,776.5613,TRAIL_SL,390077.1111
EUR_USD,2026-02-11 10:00:00+00:00,2026-02-11 13:00:00+00:00,SHORT,1.19219,1.18952,1.18952,292193,780.1542,609.4963,TRAIL_SL,390686.6074
GBP_USD,2026-02-11 10:00:00+00:00,2026-02-11 13:00:00+00:00,SHORT,1.37066,1.36813,1.36813,308843,781.3732,610.4475,TRAIL_SL,391297.0549
NAS100_USD,2026-02-11 11:00:00+00:00,2026-02-11 13:00:00+00:00,LONG,25141.0,25197.64895,25197.64895,18,782.5941,796.6259,TRAIL_SL,392093.6808
SPX500_USD,2026-02-11 13:00:00+00:00,2026-02-11 15:00:00+00:00,SHORT,6990.0,6949.0,6987.89845,478,784.1874,15310.9375,EXIT_MODEL,407404.6183
AUD_USD,2026-02-12 00:00:00+00:00,2026-02-12 16:00:00+00:00,SHORT,0.71362,0.71267,0.71267,857694,814.8092,636.5698,TRAIL_SL,408041.1881
USD_CHF,2026-02-12 04:00:00+00:00,2026-02-12 11:00:00+00:00,SHORT,0.77144,0.76691,0.77047,830758,816.0824,3833.7021,EXIT_MODEL,411874.8902
DE30_EUR,2026-02-12 04:00:00+00:00,2026-02-12 09:00:00+00:00,LONG,24976.6,25205.0,25069.22671,10,823.7498,1952.1368,EXIT_MODEL,413827.027
GBP_USD,2026-02-12 05:00:00+00:00,2026-02-12 14:00:00+00:00,LONG,1.36219,1.36647,1.36235,5172838,827.6541,17296.6771,EXIT_MODEL,431123.7041
EUR_USD,2026-02-12 06:00:00+00:00,2026-02-13 06:00:00+00:00,LONG,1.18606,1.18561,1.18409,437689,862.2474,-153.875,MAX_BARS,430969.8291
SPX500_USD,2026-02-12 11:00:00+00:00,2026-02-12 15:00:00+00:00,SHORT,6968.8,6945.69185,6945.69185,48,861.9397,866.5556,TRAIL_SL,431836.3847
NAS100_USD,2026-02-12 11:00:00+00:00,2026-02-12 15:00:00+00:00,SHORT,25300.2,25131.44237,25131.44237,7,863.6728,922.8933,TRAIL_SL,432759.278
USD_JPY,2026-02-13 00:00:00+00:00,2026-02-13 08:00:00+00:00,LONG,152.766,153.583,152.98025,789937,865.5186,3282.9283,EXIT_MODEL,436042.2063
AUD_USD,2026-02-13 01:00:00+00:00,2026-02-13 11:00:00+00:00,SHORT,0.7087,0.70504,0.708,1245835,872.0844,3562.3095,EXIT_MODEL,439604.5158
DE30_EUR,2026-02-13 04:00:00+00:00,2026-02-13 15:00:00+00:00,SHORT,24944.0,24901.0,25046.09028,10,879.209,367.5214,EOD,439972.0372
GBP_USD,2026-02-13 05:00:00+00:00,2026-02-13 20:00:00+00:00,LONG,1.3604,1.36566,1.36207,526913,879.9441,2165.2831,FRIDAY_CLOSE,442137.3203
USD_CHF,2026-02-13 07:00:00+00:00,2026-02-13 20:00:00+00:00,SHORT,0.77056,0.76784,0.77212,559086,884.2746,1547.2725,FRIDAY_CLOSE,443684.5928
EUR_USD,2026-02-13 10:00:00+00:00,2026-02-13 20:00:00+00:00,LONG,1.18574,1.18745,1.1843,616229,887.3692,823.2434,FRIDAY_CLOSE,444507.8362
NAS100_USD,2026-02-13 10:00:00+00:00,2026-02-13 14:00:00+00:00,LONG,24663.0,24525.72525,24525.72525,8,889.0157,-857.9672,SL,443649.869
SPX500_USD,2026-02-13 11:00:00+00:00,2026-02-13 20:00:00+00:00,LONG,6822.2,6836.9,6793.96203,40,887.2997,459.375,EOD,444109.244
EUR_USD,2026-02-15 22:00:00+00:00,2026-02-16 22:00:00+00:00,SHORT,1.18708,1.18506,1.18882,510470,888.2185,805.5855,MAX_BARS,444914.8295
USD_JPY,2026-02-15 22:00:00+00:00,2026-02-16 09:00:00+00:00,LONG,152.676,153.572,153.06831,443260,889.8297,2020.4334,EXIT_MODEL,446935.2629
AUD_USD,2026-02-15 22:00:00+00:00,2026-02-16 22:00:00+00:00,LONG,0.70666,0.70728,0.70428,375576,893.8705,181.9196,MAX_BARS,447117.1825
USD_CHF,2026-02-15 22:00:00+00:00,2026-02-16 22:00:00+00:00,LONG,0.76748,0.76949,0.76589,552499,894.2344,1127.4949,MAX_BARS,448244.6774
GBP_USD,2026-02-15 22:00:00+00:00,2026-02-16 22:00:00+00:00,LONG,1.36458,1.3631,1.36198,344804,896.4894,-398.6796,MAX_BARS,447845.9978
DE30_EUR,2026-02-16 04:00:00+00:00,2026-02-16 15:00:00+00:00,SHORT,24955.0,24827.0,25048.3812,11,895.692,1203.4188,EOD,449049.4166
NAS100_USD,2026-02-16 08:00:00+00:00,2026-02-16 23:00:00+00:00,SHORT,24833.4,24757.8,24952.70737,10,898.0988,590.625,EOD,449640.0416
USD_JPY,2026-02-16 09:00:00+00:00,2026-02-17 04:00:00+00:00,SHORT,153.572,153.088,153.55202,8847519,899.2801,21853.2355,EXIT_MODEL,471493.2771
DE30_EUR,2026-02-17 03:00:00+00:00,2026-02-17 13:00:00+00:00,LONG,24740.6,24745.32677,24745.32677,233,942.9866,941.314,TRAIL_SL,472434.5911
USD_CHF,2026-02-17 04:00:00+00:00,2026-02-17 14:00:00+00:00,LONG,0.76936,0.77195,0.77016,1163111,944.8692,3048.7498,EXIT_MODEL,475483.3409
GBP_USD,2026-02-17 05:00:00+00:00,2026-02-17 07:00:00+00:00,SHORT,1.36074,1.35861,1.35861,446463,950.9667,742.9423,TRAIL_SL,476226.2832
USD_JPY,2026-02-17 05:00:00+00:00,2026-02-17 15:00:00+00:00,LONG,152.956,153.799,153.41642,405010,952.4526,1734.3224,EXIT_MODEL,477960.6056
AUD_USD,2026-02-17 08:00:00+00:00,2026-02-17 14:00:00+00:00,SHORT,0.70674,0.70577,0.70577,985486,955.9212,746.8136,TRAIL_SL,478707.4192
EUR_USD,2026-02-17 09:00:00+00:00,2026-02-17 15:00:00+00:00,SHORT,1.18466,1.18108,1.1834,759853,957.4148,2125.2139,EXIT_MODEL,480832.6331
SPX500_USD,2026-02-17 12:00:00+00:00,2026-02-17 15:00:00+00:00,LONG,6807.2,6783.2974,6783.2974,51,961.6653,-952.3692,SL,479880.2639
NAS100_USD,2026-02-17 12:00:00+00:00,2026-02-17 15:00:00+00:00,LONG,24525.0,24406.6821,24406.6821,10,959.7605,-924.3586,SL,478955.9053
USD_CHF,2026-02-18 00:00:00+00:00,2026-02-18 20:00:00+00:00,LONG,0.7702,0.77308,0.77054,2777539,957.9118,8083.85,EXIT_MODEL,487039.7553
USD_JPY,2026-02-18 00:00:00+00:00,2026-02-18 14:00:00+00:00,LONG,153.232,153.96636,153.96636,260163,974.0795,969.4351,TRAIL_SL,488009.1904
DE30_EUR,2026-02-18 05:00:00+00:00,2026-02-18 10:00:00+00:00,LONG,25081.6,25255.6,25117.32345,32,976.0184,4758.9744,EXIT_MODEL,492768.1648
GBP_USD,2026-02-18 06:00:00+00:00,2026-02-18 18:00:00+00:00,SHORT,1.35642,1.35139,1.3545,513300,985.5363,2017.1086,EXIT_MODEL,494785.2734
AUD_USD,2026-02-18 06:00:00+00:00,2026-02-18 19:00:00+00:00,SHORT,0.7071,0.7038,0.70572,717080,989.5705,1848.7219,EXIT_MODEL,496633.9953
EUR_USD,2026-02-18 09:00:00+00:00,2026-02-18 18:00:00+00:00,SHORT,1.18361,1.17906,1.18159,491717,993.268,1747.9003,EXIT_MODEL,498381.8956
NAS100_USD,2026-02-18 11:00:00+00:00,2026-02-18 14:00:00+00:00,LONG,24842.6,24732.38503,24732.38503,12,996.7638,-996.7638,SL,497385.1318
SPX500_USD,2026-02-18 13:00:00+00:00,2026-02-18 20:00:00+00:00,LONG,6861.8,6883.4,6836.79367,51,994.7703,860.625,EOD,498245.7568
USD_CHF,2026-02-19 01:00:00+00:00,2026-02-19 12:00:00+00:00,LONG,0.77218,0.7751,0.7727,1894082,996.4915,5574.6027,EXIT_MODEL,503820.3595
DE30_EUR,2026-02-19 04:00:00+00:00,2026-02-19 12:00:00+00:00,SHORT,25241.3,25062.0,25201.7013,30,1007.6407,4597.4359,EXIT_MODEL,508417.7954
USD_JPY,2026-02-19 05:00:00+00:00,2026-02-19 08:00:00+00:00,SHORT,155.305,154.816,155.27924,7846939,1016.8356,19363.4761,EXIT_MODEL,527781.2715
NAS100_USD,2026-02-19 06:00:00+00:00,2026-02-19 17:00:00+00:00,SHORT,24963.2,24728.0,24950.71001,108,1055.5625,19845.0,EXIT_MODEL,547626.2715
GBP_USD,2026-02-19 06:00:00+00:00,2026-02-19 14:00:00+00:00,SHORT,1.35,1.34454,1.34773,482490,1095.2525,2058.1214,EXIT_MODEL,549684.3929
AUD_USD,2026-02-19 06:00:00+00:00,2026-02-19 14:00:00+00:00,SHORT,0.70671,0.70353,0.70581,1221521,1099.3688,3034.7162,EXIT_MODEL,552719.1091
SPX500_USD,2026-02-19 06:00:00+00:00,2026-02-19 17:00:00+00:00,SHORT,6893.6,6844.9,6889.759,368,1105.4382,14001.25,EXIT_MODEL,566720.3591
EUR_USD,2026-02-19 07:00:00+00:00,2026-02-19 14:00:00+00:00,SHORT,1.18006,1.17519,1.17785,512869,1133.4407,1951.3063,EXIT_MODEL,568671.6654
GBP_USD,2026-02-20 01:00:00+00:00,2026-02-20 15:00:00+00:00,LONG,1.3447,1.35007,1.34604,848764,1137.3433,3560.8302,EXIT_MODEL,572232.4956
AUD_USD,2026-02-20 02:00:00+00:00,2026-02-20 15:00:00+00:00,LONG,0.70218,0.70574,0.70574,321479,1144.465,894.1135,TRAIL_SL,573126.6091
DE30_EUR,2026-02-20 06:00:00+00:00,2026-02-20 08:00:00+00:00,LONG,25091.6,25025.21818,25025.21818,20,1146.2532,-1134.732,SL,571991.8771
USD_JPY,2026-02-20 07:00:00+00:00,2026-02-20 15:00:00+00:00,SHORT,155.499,155.34503,155.34503,1478840,1143.9838,1145.1173,TRAIL_SL,573136.9944
EUR_USD,2026-02-20 07:00:00+00:00,2026-02-20 15:00:00+00:00,LONG,1.17514,1.1759,1.1759,1508255,1146.274,895.5264,TRAIL_SL,574032.5208
USD_CHF,2026-02-20 07:00:00+00:00,2026-02-20 20:00:00+00:00,SHORT,0.77626,0.77512,0.77739,1009497,1148.065,1159.9278,FRIDAY_CLOSE,575192.4486
NAS100_USD,2026-02-20 13:00:00+00:00,2026-02-20 15:00:00+00:00,LONG,24717.0,24857.53908,24857.53908,10,1150.3849,1097.9616,TRAIL_SL,576290.4102
SPX500_USD,2026-02-20 13:00:00+00:00,2026-02-20 15:00:00+00:00,LONG,6849.8,6864.71838,6864.71838,99,1152.5808,1153.8435,TRAIL_SL,577444.2537
GBP_USD,2026-02-22 22:00:00+00:00,2026-02-23 22:00:00+00:00,LONG,1.34936,1.34912,1.34635,383684,1154.8885,-71.9407,MAX_BARS,577372.313
EUR_USD,2026-02-22 22:00:00+00:00,2026-02-23 22:00:00+00:00,LONG,1.17946,1.17874,1.17719,508698,1154.7446,-286.1426,MAX_BARS,577086.1704
AUD_USD,2026-02-22 22:00:00+00:00,2026-02-22 23:00:00+00:00,LONG,0.70813,0.70817,0.70817,28854309,1154.1723,901.6972,TRAIL_SL,577987.8676
USD_JPY,2026-02-22 22:00:00+00:00,2026-02-22 23:00:00+00:00,SHORT,154.931,154.85706,154.85706,3100399,1155.9757,1156.5277,TRAIL_SL,579144.3953
USD_CHF,2026-02-23 02:00:00+00:00,2026-02-23 11:00:00+00:00,LONG,0.77148,0.77624,0.77223,1525072,1158.2888,7306.1959,EXIT_MODEL,586450.5912
DE30_EUR,2026-02-23 04:00:00+00:00,2026-02-23 09:00:00+00:00,SHORT,25096.5,25180.06856,25180.06856,16,1172.9012,-1142.8179,SL,585307.7733
NAS100_USD,2026-02-23 09:00:00+00:00,2026-02-23 19:00:00+00:00,SHORT,24932.6,24649.0,24891.42484,36,1170.6155,7976.25,EXIT_MODEL,593284.0233
SPX500_USD,2026-02-23 13:00:00+00:00,2026-02-23 14:00:00+00:00,SHORT,6888.4,6912.23222,6912.23222,64,1186.568,-1186.568,SL,592097.4553
USD_JPY,2026-02-24 00:00:00+00:00,2026-02-24 07:00:00+00:00,LONG,154.866,155.66736,155.66736,292928,1184.1949,1178.0969,TRAIL_SL,593275.5522
AUD_USD,2026-02-24 00:00:00+00:00,2026-02-24 13:00:00+00:00,SHORT,0.70632,0.70346,0.7057,1913792,1186.5511,4276.129,EXIT_MODEL,597551.6812
USD_CHF,2026-02-24 03:00:00+00:00,2026-02-25 02:00:00+00:00,SHORT,0.77596,0.77277,0.7757,4565427,1195.1034,14723.5272,EXIT_MODEL,612275.2084
DE30_EUR,2026-02-24 04:00:00+00:00,2026-02-24 08:00:00+00:00,SHORT,25054.4,24914.8,25048.23304,232,1224.5504,27681.3675,EXIT_MODEL,639956.5759
GBP_USD,2026-02-24 04:00:00+00:00,2026-02-24 16:00:00+00:00,LONG,1.34828,1.35297,1.34929,1267241,1279.9132,4643.2502,EXIT_MODEL,644599.8261
NAS100_USD,2026-02-24 10:00:00+00:00,2026-02-24 14:00:00+00:00,LONG,24799.0,24703.19898,24703.19898,17,1289.1997,-1272.3573,SL,643327.4688
SPX500_USD,2026-02-24 11:00:00+00:00,2026-02-24 14:00:00+00:00,LONG,6854.8,6835.26811,6835.26811,84,1286.6549,-1281.7803,SL,642045.6885
AUD_USD,2026-02-25 00:00:00+00:00,2026-02-25 09:00:00+00:00,LONG,0.70768,0.70919,0.70919,850392,1284.0914,1003.1968,TRAIL_SL,643048.8853
USD_JPY,2026-02-25 02:00:00+00:00,2026-02-25 09:00:00+00:00,LONG,155.464,156.559,156.08227,413938,1286.0978,2261.8375,EXIT_MODEL,645310.7228
DE30_EUR,2026-02-25 03:00:00+00:00,2026-02-25 15:00:00+00:00,LONG,25051.9,25148.0,24976.33411,20,1290.6214,1642.735,EOD,646953.4578
NAS100_USD,2026-02-25 05:00:00+00:00,2026-02-25 14:00:00+00:00,LONG,25000.0,25096.54804,25096.54804,17,1293.9069,1282.2787,TRAIL_SL,648235.7365
USD_CHF,2026-02-25 05:00:00+00:00,2026-02-25 11:00:00+00:00,LONG,0.77222,0.77547,0.77304,1562788,1296.4715,5116.918,EXIT_MODEL,653352.6545
GBP_USD,2026-02-25 08:00:00+00:00,2026-02-25 11:00:00+00:00,LONG,1.35168,1.34959,1.34959,625218,1306.7053,-1020.8638,SL,652331.7907
EUR_USD,2026-02-25 09:00:00+00:00,2026-02-25 11:00:00+00:00,LONG,1.1788,1.17736,1.17736,906016,1304.6636,-1019.268,SL,651312.5227
SPX500_USD,2026-02-25 10:00:00+00:00,2026-02-25 19:00:00+00:00,LONG,6903.0,6950.8,6914.32945,147,1302.625,5489.5313,EXIT_MODEL,656802.054
GBP_USD,2026-02-26 01:00:00+00:00,2026-02-26 13:00:00+00:00,SHORT,1.35735,1.35564,1.35564,768190,1313.6041,1026.2538,TRAIL_SL,657828.3078
AUD_USD,2026-02-26 01:00:00+00:00,2026-02-26 15:00:00+00:00,SHORT,0.71314,0.70994,0.71185,1019889,1315.6566,2549.7225,EXIT_MODEL,660378.0303
USD_CHF,2026-02-26 01:00:00+00:00,2026-02-26 11:00:00+00:00,LONG,0.77118,0.77521,0.77257,937937,1320.7561,3809.3369,EXIT_MODEL,664187.3672
DE30_EUR,2026-02-26 04:00:00+00:00,2026-02-26 11:00:00+00:00,LONG,25145.0,25290.0,25192.15931,33,1328.3747,4089.7436,EXIT_MODEL,668277.1108
EUR_USD,2026-02-26 06:00:00+00:00,2026-02-26 17:00:00+00:00,SHORT,1.18189,1.17762,1.18035,867892,1336.5542,2895.2335,EXIT_MODEL,671172.3443
NAS100_USD,2026-02-26 09:00:00+00:00,2026-02-26 14:00:00+00:00,SHORT,25339.4,25317.76346,25317.76346,79,1342.3447,1335.3802,TRAIL_SL,672507.7245
USD_JPY,2026-02-26 10:00:00+00:00,2026-02-26 17:00:00+00:00,LONG,155.959,156.393,155.96387,55133901,1345.0154,119531.1702,EXIT_MODEL,792038.8947
SPX500_USD,2026-02-26 11:00:00+00:00,2026-02-26 15:00:00+00:00,SHORT,6948.4,6926.19434,6926.19434,91,1584.0778,1578.6836,TRAIL_SL,793617.5783
GBP_USD,2026-02-27 04:00:00+00:00,2026-02-27 13:00:00+00:00,SHORT,1.34961,1.34448,1.34855,1497392,1587.2352,6001.2664,EXIT_MODEL,799618.8447
USD_JPY,2026-02-27 04:00:00+00:00,2026-02-27 08:00:00+00:00,LONG,155.59,156.138,155.69616,3000155,1599.2377,8226.3213,EXIT_MODEL,807845.166
AUD_USD,2026-02-27 05:00:00+00:00,2026-02-27 13:00:00+00:00,SHORT,0.7126,0.70981,0.71206,2992019,1615.6903,6521.6664,EXIT_MODEL,814366.8324
USD_CHF,2026-02-27 05:00:00+00:00,2026-02-27 14:00:00+00:00,SHORT,0.77294,0.76878,0.77125,953497,1628.7337,4030.8869,EXIT_MODEL,818397.7193
DE30_EUR,2026-02-27 06:00:00+00:00,2026-02-27 13:00:00+00:00,LONG,25273.6,25200.52986,25200.52986,26,1636.7954,-1623.7809,SL,816773.9384
EUR_USD,2026-02-27 09:00:00+00:00,2026-02-27 20:00:00+00:00,LONG,1.17952,1.18162,1.17775,922908,1633.5479,1514.1459,FRIDAY_CLOSE,818288.0843
SPX500_USD,2026-02-27 14:00:00+00:00,2026-02-27 20:00:00+00:00,LONG,6844.9,6879.8,6820.11169,85,1636.5762,2317.5781,EOD,820605.6624
USD_CHF,2026-03-01 22:00:00+00:00,2026-03-02 07:00:00+00:00,LONG,0.76743,0.77272,0.76957,753355,1641.2113,4029.2408,EXIT_MODEL,824634.9032
USD_JPY,2026-03-01 22:00:00+00:00,2026-03-01 23:00:00+00:00,LONG,156.142,156.2214,156.2214,4151461,1649.2698,1648.4317,TRAIL_SL,826283.3349
GBP_USD,2026-03-01 22:00:00+00:00,2026-03-02 06:00:00+00:00,LONG,1.34166,1.33812,1.33812,466827,1652.5667,-1291.0684,SL,824992.2665
AUD_USD,2026-03-01 22:00:00+00:00,2026-03-02 03:00:00+00:00,LONG,0.7053,0.71098,0.70775,673463,1649.9845,2988.4921,EXIT_MODEL,827980.7586
USD_JPY,2026-03-02 03:00:00+00:00,2026-03-02 12:00:00+00:00,LONG,156.32,157.382,156.87635,595562,1655.9615,3139.6878,EXIT_MODEL,831120.4464
AUD_USD,2026-03-02 03:00:00+00:00,2026-03-02 10:00:00+00:00,SHORT,0.71098,0.70949,0.70949,1115598,1662.2409,1298.6258,TRAIL_SL,832419.0722
DE30_EUR,2026-03-02 04:00:00+00:00,2026-03-02 12:00:00+00:00,SHORT,24922.0,24686.0,24893.17098,68,1664.8381,13716.2393,EXIT_MODEL,846135.3115
NAS100_USD,2026-03-02 12:00:00+00:00,2026-03-02 17:00:00+00:00,LONG,24592.6,25029.0,24737.94556,15,1692.2706,5114.0625,EXIT_MODEL,851249.374
GBP_USD,2026-03-03 00:00:00+00:00,2026-03-03 09:00:00+00:00,SHORT,1.3412,1.32979,1.33633,349589,1702.4987,3116.2582,EXIT_MODEL,854365.6322
USD_CHF,2026-03-03 00:00:00+00:00,2026-03-03 09:00:00+00:00,LONG,0.77922,0.78586,0.78131,815450,1708.7313,5382.825,EXIT_MODEL,859748.4572
USD_JPY,2026-03-03 01:00:00+00:00,2026-03-03 10:00:00+00:00,LONG,157.292,157.838,157.33527,8000758,1719.4969,21622.3174,EXIT_MODEL,881370.7746
AUD_USD,2026-03-03 02:00:00+00:00,2026-03-03 10:00:00+00:00,SHORT,0.71044,0.70236,0.70614,409940,1762.7415,2587.7462,EXIT_MODEL,883958.5208
DE30_EUR,2026-03-03 03:00:00+00:00,2026-03-03 08:00:00+00:00,SHORT,24504.6,24128.55062,24128.55062,6,1767.917,1928.4584,TRAIL_SL,885886.9792
EUR_USD,2026-03-03 06:00:00+00:00,2026-03-03 10:00:00+00:00,SHORT,1.16692,1.1592,1.1643,676250,1771.774,4078.6328,EXIT_MODEL,889965.612
NAS100_USD,2026-03-03 13:00:00+00:00,2026-03-03 20:00:00+00:00,LONG,24458.6,24730.2,24293.01328,14,1779.9312,2970.625,EOD,892936.237
SPX500_USD,2026-03-03 15:00:00+00:00,2026-03-03 18:00:00+00:00,LONG,6733.4,6830.4,6747.01226,168,1785.8725,12731.25,EXIT_MODEL,905667.487
AUD_USD,2026-03-04 01:00:00+00:00,2026-03-04 19:00:00+00:00,LONG,0.70056,0.70827,0.70346,624598,1811.335,3762.227,EXIT_MODEL,909429.714
EUR_USD,2026-03-04 04:00:00+00:00,2026-03-05 04:00:00+00:00,LONG,1.1593,1.16085,1.1563,606286,1818.8594,734.1745,MAX_BARS,910163.8885
GBP_USD,2026-03-04 04:00:00+00:00,2026-03-05 00:00:00+00:00,LONG,1.33126,1.33844,1.33195,2638156,1820.3278,14798.4063,EXIT_MODEL,924962.2948
NAS100_USD,2026-03-04 04:00:00+00:00,2026-03-04 15:00:00+00:00,LONG,24560.8,25100.4,24731.33855,14,1849.9246,5901.875,EXIT_MODEL,930864.1698
DE30_EUR,2026-03-04 04:00:00+00:00,2026-03-04 10:00:00+00:00,LONG,23798.2,24166.2,23837.80877,55,1861.7283,17299.1453,EXIT_MODEL,948163.3151
USD_CHF,2026-03-04 08:00:00+00:00,2026-03-05 08:00:00+00:00,SHORT,0.78223,0.78114,0.78456,814895,1896.3266,888.3606,MAX_BARS,949051.6757
SPX500_USD,2026-03-04 12:00:00+00:00,2026-03-04 20:00:00+00:00,LONG,6822.0,6868.4,6782.54364,62,1898.1034,2247.5,EOD,951299.1757
GBP_USD,2026-03-05 00:00:00+00:00,2026-03-05 09:00:00+00:00,SHORT,1.33844,1.33705,1.33705,1368776,1902.5984,1486.4052,TRAIL_SL,952785.5809
USD_JPY,2026-03-05 00:00:00+00:00,2026-03-05 13:00:00+00:00,LONG,156.572,157.764,157.29864,525569,1905.5712,3102.3309,EXIT_MODEL,955887.9118
AUD_USD,2026-03-05 00:00:00+00:00,2026-03-05 09:00:00+00:00,SHORT,0.70844,0.70657,0.70657,1022340,1911.7758,1493.5748,TRAIL_SL,957381.4866
DE30_EUR,2026-03-05 04:00:00+00:00,2026-03-05 09:00:00+00:00,SHORT,24153.7,24315.78603,24315.78603,14,1914.763,-1914.763,SL,955466.7236
USD_CHF,2026-03-05 09:00:00+00:00,2026-03-05 19:00:00+00:00,LONG,0.77896,0.78354,0.77948,3664100,1910.9334,16732.5316,EXIT_MODEL,972199.2552
EUR_USD,2026-03-05 09:00:00+00:00,2026-03-06 09:00:00+00:00,SHORT,1.16226,1.15744,1.16521,659118,1944.3985,2481.9912,MAX_BARS,974681.2464
NAS100_USD,2026-03-05 09:00:00+00:00,2026-03-05 20:00:00+00:00,SHORT,25087.0,25022.1,25241.77251,16,1949.3625,811.25,EOD,975492.4964
SPX500_USD,2026-03-05 10:00:00+00:00,2026-03-05 17:00:00+00:00,SHORT,6864.4,6780.5,6846.58388,140,1950.985,9176.5625,EXIT_MODEL,984669.0589
USD_JPY,2026-03-06 00:00:00+00:00,2026-03-06 11:00:00+00:00,LONG,157.468,157.954,157.48838,19476835,1969.3381,46818.1293,EXIT_MODEL,1031487.1882
DE30_EUR,2026-03-06 04:00:00+00:00,2026-03-06 11:00:00+00:00,SHORT,23945.1,23557.1,23835.38806,22,2062.9744,7295.7265,EXIT_MODEL,1038782.9147
NAS100_USD,2026-03-06 06:00:00+00:00,2026-03-06 13:00:00+00:00,SHORT,25076.2,24615.8,24895.98006,15,2077.5658,5395.3125,EXIT_MODEL,1044178.2272
SPX500_USD,2026-03-06 07:00:00+00:00,2026-03-06 13:00:00+00:00,SHORT,6841.4,6739.2,6799.04085,63,2088.3565,5030.1562,EXIT_MODEL,1049208.3834
GBP_USD,2026-03-06 09:00:00+00:00,2026-03-06 16:00:00+00:00,LONG,1.3324,1.33978,1.3346,953826,2098.4168,5499.403,EXIT_MODEL,1054707.7864
USD_CHF,2026-03-06 09:00:00+00:00,2026-03-06 17:00:00+00:00,SHORT,0.78206,0.77754,0.7811,2199586,2109.4156,9989.5672,EXIT_MODEL,1064697.3536
USD_JPY,2026-03-08 21:00:00+00:00,2026-03-08 22:00:00+00:00,SHORT,158.096,158.43455,158.43455,1272812,2129.3947,-2124.8448,SL,1062572.5088
AUD_USD,2026-03-08 21:00:00+00:00,2026-03-09 21:00:00+00:00,LONG,0.6986,0.7079,0.70359,425881,2125.145,3094.2916,MAX_BARS,1065666.8004
GBP_USD,2026-03-08 21:00:00+00:00,2026-03-09 00:00:00+00:00,LONG,1.33426,1.32988,1.32988,486606,2131.3336,-1665.1049,SL,1064001.6955
USD_CHF,2026-03-08 21:00:00+00:00,2026-03-09 00:00:00+00:00,SHORT,0.77942,0.78181,0.78181,888292,2128.0034,-2121.4972,SL,1061880.1983
GBP_USD,2026-03-09 01:00:00+00:00,2026-03-09 19:00:00+00:00,LONG,1.32858,1.34294,1.33608,283168,2123.7604,3176.791,EXIT_MODEL,1065056.9893
USD_CHF,2026-03-09 01:00:00+00:00,2026-03-09 20:00:00+00:00,SHORT,0.78248,0.77729,0.78181,3184280,2130.114,16610.6091,EXIT_MODEL,1081667.5984
USD_JPY,2026-03-09 02:00:00+00:00,2026-03-09 15:00:00+00:00,SHORT,158.71,158.085,158.5533,2804588,2163.3352,8662.6039,EXIT_MODEL,1090330.2023
EUR_USD,2026-03-09 08:00:00+00:00,2026-03-09 20:00:00+00:00,LONG,1.15348,1.16372,1.15615,816727,2180.6604,6533.816,EXIT_MODEL,1096864.0183
NAS100_USD,2026-03-09 10:00:00+00:00,2026-03-09 19:00:00+00:00,LONG,24343.0,24971.3,24582.48823,12,2193.728,5890.3125,EXIT_MODEL,1102754.3308
SPX500_USD,2026-03-09 11:00:00+00:00,2026-03-09 19:00:00+00:00,LONG,6662.4,6797.8,6708.51525,61,2205.5087,6452.6563,EXIT_MODEL,1109206.9871
DE30_EUR,2026-03-09 11:00:00+00:00,2026-03-09 15:00:00+00:00,LONG,23208.0,23416.7,22951.87376,10,2218.414,1783.7607,EOD,1110990.7478
AUD_USD,2026-03-10 00:00:00+00:00,2026-03-10 17:00:00+00:00,LONG,0.70699,0.71559,0.71173,468772,2221.9815,3149.5619,EXIT_MODEL,1114140.3097
GBP_USD,2026-03-10 02:00:00+00:00,2026-03-11 02:00:00+00:00,LONG,1.34215,1.34464,1.33843,599000,2228.2806,1165.2422,MAX_BARS,1115305.5519
DE30_EUR,2026-03-10 03:00:00+00:00,2026-03-10 10:00:00+00:00,LONG,23529.7,24002.7,23576.8996,55,2230.6111,22235.0427,EXIT_MODEL,1137540.5946
EUR_USD,2026-03-10 03:00:00+00:00,2026-03-11 03:00:00+00:00,LONG,1.16096,1.16304,1.15776,710963,2275.0812,1155.3149,MAX_BARS,1138695.9095
USD_JPY,2026-03-10 07:00:00+00:00,2026-03-10 19:00:00+00:00,LONG,157.302,158.034,157.52136,2090377,2277.3918,7564.4124,EXIT_MODEL,1146260.3219
USD_CHF,2026-03-10 07:00:00+00:00,2026-03-11 07:00:00+00:00,LONG,0.77562,0.7778,0.77379,1243716,2292.5206,2723.3271,MAX_BARS,1148983.649
NAS100_USD,2026-03-10 11:00:00+00:00,2026-03-10 20:00:00+00:00,LONG,24950.6,24988.6,24784.58516,18,2297.9673,534.375,EOD,1149518.024
SPX500_USD,2026-03-10 12:00:00+00:00,2026-03-10 20:00:00+00:00,LONG,6781.2,6792.4,6742.28214,76,2299.036,665.0,EOD,1150183.024
AUD_USD,2026-03-11 00:00:00+00:00,2026-03-11 04:00:00+00:00,LONG,0.71301,0.7182,0.71475,1322049,2300.366,5360.4956,EXIT_MODEL,1155543.5196
GBP_USD,2026-03-11 02:00:00+00:00,2026-03-12 02:00:00+00:00,SHORT,1.34464,1.33706,1.34202,882094,2311.087,5223.6504,MAX_BARS,1160767.17
DE30_EUR,2026-03-11 03:00:00+00:00,2026-03-11 08:00:00+00:00,SHORT,23990.2,23603.2,23933.28294,48,2321.5343,15876.9231,EXIT_MODEL,1176644.0931
USD_JPY,2026-03-11 04:00:00+00:00,2026-03-11 17:00:00+00:00,LONG,158.107,158.846,158.42986,1475102,2353.2882,5361.425,EXIT_MODEL,1182005.5181
NAS100_USD,2026-03-11 09:00:00+00:00,2026-03-11 20:00:00+00:00,LONG,24882.8,24930.8,24753.60151,23,2364.011,862.5,EOD,1182868.0181
SPX500_USD,2026-03-11 10:00:00+00:00,2026-03-11 20:00:00+00:00,SHORT,6795.6,6766.6,6827.13145,96,2365.736,2175.0,EOD,1185043.0181
USD_CHF,2026-03-11 15:00:00+00:00,2026-03-12 08:00:00+00:00,SHORT,0.78056,0.7824,0.7824,1286953,2370.086,-2364.513,SL,1182678.5051
AUD_USD,2026-03-12 01:00:00+00:00,2026-03-12 13:00:00+00:00,SHORT,0.71506,0.71326,0.71326,1314087,2365.357,1847.9348,TRAIL_SL,1184526.4399
DE30_EUR,2026-03-12 03:00:00+00:00,2026-03-12 09:00:00+00:00,LONG,23284.2,23626.2,23292.7995,322,2369.0529,94123.0769,EXIT_MODEL,1278649.5168
GBP_USD,2026-03-12 07:00:00+00:00,2026-03-13 07:00:00+00:00,SHORT,1.33926,1.328,1.33259,383403,2557.299,3372.7483,MAX_BARS,1282022.2651
USD_CHF,2026-03-12 09:00:00+00:00,2026-03-12 18:00:00+00:00,LONG,0.78045,0.78554,0.78232,1369743,2564.0445,6933.9163,EXIT_MODEL,1288956.1814
EUR_USD,2026-03-12 09:00:00+00:00,2026-03-13 04:00:00+00:00,SHORT,1.15596,1.15033,1.15467,1998382,2577.9124,8789.7583,EXIT_MODEL,1297745.9397
NAS100_USD,2026-03-12 09:00:00+00:00,2026-03-12 19:00:00+00:00,SHORT,24900.0,24541.6,24811.54665,38,2595.4919,10640.0,EXIT_MODEL,1308385.9397
USD_JPY,2026-03-12 10:00:00+00:00,2026-03-12 18:00:00+00:00,LONG,158.721,159.404,159.01855,1786694,2616.7719,5980.8333,EXIT_MODEL,1314366.773
SPX500_USD,2026-03-12 11:00:00+00:00,2026-03-12 19:00:00+00:00,SHORT,6738.8,6673.3,6735.32389,968,2628.7335,49534.375,EXIT_MODEL,1363901.148
AUD_USD,2026-03-13 00:00:00+00:00,2026-03-13 12:00:00+00:00,SHORT,0.70844,0.70562,0.70562,967306,2727.8023,2131.096,TRAIL_SL,1366032.244
USD_JPY,2026-03-13 00:00:00+00:00,2026-03-13 04:00:00+00:00,LONG,159.097,159.508,159.13477,14730447,2732.0645,29652.7727,EXIT_MODEL,1395685.0167
USD_CHF,2026-03-13 00:00:00+00:00,2026-03-13 15:00:00+00:00,LONG,0.7851,0.78978,0.78669,1764230,2791.37,8167.4212,EXIT_MODEL,1403852.4379
DE30_EUR,2026-03-13 05:00:00+00:00,2026-03-13 13:00:00+00:00,SHORT,23606.2,23744.16183,23744.16183,24,2807.7049,-2807.7049,SL,1401044.733
NAS100_USD,2026-03-13 12:00:00+00:00,2026-03-13 20:00:00+00:00,SHORT,24663.8,24328.2,24594.09175,51,2802.0895,13371.5625,EOD,1414416.2955
SPX500_USD,2026-03-13 13:00:00+00:00,2026-03-13 15:00:00+00:00,SHORT,6715.5,6644.4,6710.41643,712,2828.8326,39549.375,EXIT_MODEL,1453965.6705
USD_JPY,2026-03-15 21:00:00+00:00,2026-03-16 00:00:00+00:00,LONG,159.583,159.30304,159.30304,2121704,2907.9313,-2907.9313,SL,1451057.7392
USD_CHF,2026-03-15 21:00:00+00:00,2026-03-16 00:00:00+00:00,LONG,0.79067,0.78896,0.78896,1717607,2902.1155,-2902.1155,SL,1448155.6237
GBP_USD,2026-03-15 21:00:00+00:00,2026-03-16 18:00:00+00:00,LONG,1.32404,1.33326,1.32825,687960,2896.3112,4955.4619,EXIT_MODEL,1453111.0856
AUD_USD,2026-03-15 21:00:00+00:00,2026-03-16 13:00:00+00:00,LONG,0.69966,0.70722,0.7039,685430,2906.2222,4048.3209,EXIT_MODEL,1457159.4065
USD_JPY,2026-03-16 02:00:00+00:00,2026-03-16 11:00:00+00:00,SHORT,159.591,159.128,159.52025,8414513,2914.3188,19127.2882,EXIT_MODEL,1476286.6947
EUR_USD,2026-03-16 06:00:00+00:00,2026-03-16 13:00:00+00:00,LONG,1.14316,1.15003,1.1458,1118399,2952.5734,6002.6571,EXIT_MODEL,1482289.3518
USD_CHF,2026-03-16 06:00:00+00:00,2026-03-16 13:00:00+00:00,SHORT,0.79094,0.787,0.79014,3751686,2964.5787,14673.6448,EXIT_MODEL,1496962.9966
DE30_EUR,2026-03-16 06:00:00+00:00,2026-03-16 15:00:00+00:00,SHORT,23555.2,23616.9,23700.18322,24,2993.926,-1265.641,EOD,1495697.3556
NAS100_USD,2026-03-16 09:00:00+00:00,2026-03-16 20:00:00+00:00,LONG,24476.4,24682.8,24351.86861,31,2991.3947,4998.75,EOD,1500696.1056
SPX500_USD,2026-03-16 13:00:00+00:00,2026-03-16 20:00:00+00:00,SHORT,6718.0,6707.0,6749.55669,122,3001.3922,1048.4375,EOD,1501744.5431
USD_JPY,2026-03-17 00:00:00+00:00,2026-03-17 13:00:00+00:00,SHORT,159.315,158.878,159.26268,11706443,3003.4891,25155.4829,EXIT_MODEL,1526900.026
AUD_USD,2026-03-17 00:00:00+00:00,2026-03-17 13:00:00+00:00,LONG,0.70622,0.71111,0.70851,1333537,3053.8001,5094.5281,EXIT_MODEL,1531994.5541
DE30_EUR,2026-03-17 05:00:00+00:00,2026-03-17 13:00:00+00:00,LONG,23443.0,23756.2,23554.6629,32,3063.9891,8566.1538,EXIT_MODEL,1540560.7079
GBP_USD,2026-03-17 05:00:00+00:00,2026-03-17 13:00:00+00:00,LONG,1.32871,1.33467,1.33063,1604751,3081.1214,7472.1218,EXIT_MODEL,1548032.8297
EUR_USD,2026-03-17 05:00:00+00:00,2026-03-17 13:00:00+00:00,LONG,1.14793,1.15305,1.14878,3642430,3096.0657,14569.72,EXIT_MODEL,1562602.5497
USD_CHF,2026-03-17 05:00:00+00:00,2026-03-17 16:00:00+00:00,SHORT,0.78928,0.785,0.78795,2373930,3125.2051,10111.8834,EXIT_MODEL,1572714.4331
SPX500_USD,2026-03-17 06:00:00+00:00,2026-03-17 13:00:00+00:00,LONG,6677.4,6759.1,6708.37737,130,3145.4289,8297.6563,EXIT_MODEL,1581012.0894
NAS100_USD,2026-03-17 08:00:00+00:00,2026-03-17 13:00:00+00:00,LONG,24576.8,24901.3,24682.52634,38,3162.0242,9633.5938,EXIT_MODEL,1590645.6832
AUD_USD,2026-03-18 00:00:00+00:00,2026-03-18 12:00:00+00:00,SHORT,0.71068,0.70825,0.70825,1309173,3181.2914,2485.3831,TRAIL_SL,1593131.0663
USD_CHF,2026-03-18 04:00:00+00:00,2026-03-18 12:00:00+00:00,LONG,0.78526,0.78593,0.78593,4780025,3186.2621,3183.546,TRAIL_SL,1596314.6123
USD_JPY,2026-03-18 05:00:00+00:00,2026-03-18 12:00:00+00:00,LONG,158.702,159.11952,159.11952,1553329,3192.6292,3184.2511,TRAIL_SL,1599498.8634
GBP_USD,2026-03-18 05:00:00+00:00,2026-03-18 12:00:00+00:00,SHORT,1.33721,1.3346,1.3346,1225670,3198.9977,2499.2177,TRAIL_SL,1601998.0811
NAS100_USD,2026-03-18 09:00:00+00:00,2026-03-18 12:00:00+00:00,SHORT,24978.6,24845.46438,24845.46438,31,3203.9962,3224.3783,TRAIL_SL,1605222.4594
EUR_USD,2026-03-18 09:00:00+00:00,2026-03-18 18:00:00+00:00,SHORT,1.15388,1.15132,1.15132,1254080,3210.4449,2508.16,TRAIL_SL,1607730.6194
DE30_EUR,2026-03-18 09:00:00+00:00,2026-03-18 12:00:00+00:00,SHORT,23907.2,23779.71201,23779.71201,30,3215.4612,3268.9228,TRAIL_SL,1610999.5422
SPX500_USD,2026-03-18 11:00:00+00:00,2026-03-18 12:00:00+00:00,SHORT,6749.2,6729.88776,6729.88776,214,3221.9991,3228.7651,TRAIL_SL,1614228.3073
DE30_EUR,2026-03-19 02:00:00+00:00,2026-03-19 12:00:00+00:00,SHORT,23241.2,22824.2,23085.65578,24,3228.4566,8553.8462,EXIT_MODEL,1622782.1535
USD_JPY,2026-03-19 03:00:00+00:00,2026-03-19 07:00:00+00:00,SHORT,159.634,159.5763,159.5763,11493433,3245.5643,3246.7378,TRAIL_SL,1626028.8913
GBP_USD,2026-03-19 04:00:00+00:00,2026-03-19 13:00:00+00:00,LONG,1.32728,1.33036,1.33036,1055863,3252.0578,2540.6703,TRAIL_SL,1628569.5616
AUD_USD,2026-03-19 05:00:00+00:00,2026-03-19 13:00:00+00:00,LONG,0.70334,0.70111,0.70111,1460601,3257.1391,-2544.6408,SL,1626024.9208
EUR_USD,2026-03-19 08:00:00+00:00,2026-03-19 13:00:00+00:00,LONG,1.1451,1.14698,1.14698,1729814,3252.0498,2540.6643,TRAIL_SL,1628565.5851
NAS100_USD,2026-03-19 09:00:00+00:00,2026-03-19 20:00:00+00:00,SHORT,24440.2,24435.4,24568.86662,32,3257.1312,120.0,EOD,1628685.5851
SPX500_USD,2026-03-19 09:00:00+00:00,2026-03-19 20:00:00+00:00,SHORT,6633.8,6628.8,6663.20823,142,3257.3712,554.6875,EOD,1629240.2726
USD_CHF,2026-03-19 10:00:00+00:00,2026-03-19 18:00:00+00:00,SHORT,0.79551,0.78898,0.79304,1343302,3258.4805,8685.8211,EXIT_MODEL,1637926.0937
USD_JPY,2026-03-20 00:00:00+00:00,2026-03-20 09:00:00+00:00,LONG,157.862,158.835,158.37104,1300349,3275.8522,6223.2406,EXIT_MODEL,1644149.3343
AUD_USD,2026-03-20 02:00:00+00:00,2026-03-20 18:00:00+00:00,SHORT,0.70884,0.70104,0.70444,747341,3288.2987,4554.1092,EXIT_MODEL,1648703.4435
DE30_EUR,2026-03-20 05:00:00+00:00,2026-03-20 08:00:00+00:00,SHORT,23027.0,23188.63196,23188.63196,24,3297.4069,-3297.4069,SL,1645406.0366
USD_CHF,2026-03-20 06:00:00+00:00,2026-03-20 20:00:00+00:00,SHORT,0.78966,0.788,0.79134,1979903,3290.8121,3258.4857,FRIDAY_CLOSE,1648664.5223
GBP_USD,2026-03-20 07:00:00+00:00,2026-03-20 14:00:00+00:00,SHORT,1.34272,1.3308,1.33583,478567,3297.329,4456.6552,EXIT_MODEL,1653121.1775
NAS100_USD,2026-03-20 07:00:00+00:00,2026-03-20 17:00:00+00:00,SHORT,24409.8,24031.7,24280.66136,33,3306.2424,9747.8906,EXIT_MODEL,1662869.0681
SPX500_USD,2026-03-20 11:00:00+00:00,2026-03-20 18:00:00+00:00,SHORT,6592.8,6515.9,6577.69547,282,3325.7381,16942.0313,EXIT_MODEL,1679811.0994
EUR_USD,2026-03-20 13:00:00+00:00,2026-03-20 20:00:00+00:00,LONG,1.15412,1.15711,1.15132,1199865,3359.6222,2802.8096,FRIDAY_CLOSE,1682613.909
USD_JPY,2026-03-22 21:00:00+00:00,2026-03-23 11:00:00+00:00,LONG,159.319,159.00442,159.00442,2181529,3365.2278,-3365.2278,SL,1679248.6812
GBP_USD,2026-03-22 21:00:00+00:00,2026-03-23 09:00:00+00:00,LONG,1.33056,1.32652,1.32652,831311,3358.4974,-2623.8253,SL,1676624.8559
EUR_USD,2026-03-22 21:00:00+00:00,2026-03-23 09:00:00+00:00,LONG,1.1542,1.15116,1.15116,1103043,3353.2497,-2619.7271,SL,1674005.1288
AUD_USD,2026-03-22 21:00:00+00:00,2026-03-23 05:00:00+00:00,LONG,0.69964,0.69688,0.69688,1213047,3348.0103,-2615.6326,SL,1671389.4962
USD_CHF,2026-03-22 21:00:00+00:00,2026-03-23 10:00:00+00:00,LONG,0.78852,0.79382,0.78994,2375976,3342.779,12393.27,EXIT_MODEL,1683782.7662
DE30_EUR,2026-03-23 06:00:00+00:00,2026-03-23 11:00:00+00:00,LONG,21967.0,22342.6731,22342.6731,10,3367.5655,3210.8812,TRAIL_SL,1686993.6474
SPX500_USD,2026-03-23 07:00:00+00:00,2026-03-23 11:00:00+00:00,LONG,6456.2,6515.14028,6515.14028,73,3373.9873,3361.4378,TRAIL_SL,1690355.0852
GBP_USD,2026-03-23 09:00:00+00:00,2026-03-23 11:00:00+00:00,LONG,1.32696,1.32898,1.32898,1673619,3380.7102,2641.18,TRAIL_SL,1692996.2652
EUR_USD,2026-03-23 09:00:00+00:00,2026-03-23 11:00:00+00:00,LONG,1.1495,1.14985,1.14985,9674264,3385.9925,2645.3066,TRAIL_SL,1695641.5718
NAS100_USD,2026-03-23 09:00:00+00:00,2026-03-23 11:00:00+00:00,LONG,23701.2,23856.94366,23856.94366,28,3391.2831,3406.8926,TRAIL_SL,1699048.4644
USD_CHF,2026-03-23 10:00:00+00:00,2026-03-23 11:00:00+00:00,SHORT,0.79382,0.79377,0.79377,69055419,3398.0969,3398.311,TRAIL_SL,1702446.7754
DE30_EUR,2026-03-24 04:00:00+00:00,2026-03-24 15:00:00+00:00,LONG,22507.5,22640.5,22235.11275,15,3404.8936,1705.1282,EOD,1704151.9036
USD_JPY,2026-03-24 06:00:00+00:00,2026-03-25 06:00:00+00:00,LONG,158.604,159.005,158.23823,1891709,3408.3038,3727.1593,MAX_BARS,1707879.0629
USD_CHF,2026-03-24 07:00:00+00:00,2026-03-24 15:00:00+00:00,LONG,0.78622,0.79147,0.78689,5130579,3415.7581,26587.7297,EXIT_MODEL,1734466.7926
GBP_USD,2026-03-24 07:00:00+00:00,2026-03-25 07:00:00+00:00,SHORT,1.34308,1.3391,1.34737,808609,3468.9336,2514.2686,MAX_BARS,1736981.0612
AUD_USD,2026-03-24 12:00:00+00:00,2026-03-25 12:00:00+00:00,LONG,0.69564,0.69592,0.69212,986921,3473.9621,215.889,MAX_BARS,1737196.9502
SPX500_USD,2026-03-24 12:00:00+00:00,2026-03-24 20:00:00+00:00,LONG,6559.6,6610.2,6512.43981,94,3474.3939,3715.9375,EOD,1740912.8877
NAS100_USD,2026-03-24 13:00:00+00:00,2026-03-24 20:00:00+00:00,LONG,24039.0,24236.3,23840.16879,22,3481.8258,3391.0937,EOD,1744303.9814
USD_CHF,2026-03-25 00:00:00+00:00,2026-03-26 00:00:00+00:00,LONG,0.78748,0.79189,0.78749,351642752,3488.608,1529908.4077,MAX_BARS,3274212.3891
DE30_EUR,2026-03-25 05:00:00+00:00,2026-03-25 15:00:00+00:00,LONG,22969.0,22988.4,22763.2128,37,6548.4248,613.5043,EOD,3274825.8934
USD_JPY,2026-03-25 08:00:00+00:00,2026-03-25 18:00:00+00:00,LONG,158.776,159.419,158.98648,6324151,6549.6518,19927.9743,EXIT_MODEL,3294753.8677
EUR_USD,2026-03-25 08:00:00+00:00,2026-03-26 08:00:00+00:00,SHORT,1.16027,1.15598,1.16287,2534426,6589.5077,8494.2871,MAX_BARS,3303248.1548
NAS100_USD,2026-03-25 11:00:00+00:00,2026-03-25 20:00:00+00:00,SHORT,24323.2,24197.2,24471.85117,57,6606.4963,5610.9375,EOD,3308859.0923
SPX500_USD,2026-03-25 11:00:00+00:00,2026-03-25 20:00:00+00:00,SHORT,6631.8,6601.6,6666.67852,243,6617.7182,5733.2812,EOD,3314592.3735
GBP_USD,2026-03-25 11:00:00+00:00,2026-03-26 11:00:00+00:00,SHORT,1.34154,1.33264,1.33823,2002775,6629.1847,13925.5449,MAX_BARS,3328517.9184
AUD_USD,2026-03-26 00:00:00+00:00,2026-03-26 20:00:00+00:00,SHORT,0.69384,0.69069,0.69069,2113345,6657.0358,5200.81,TRAIL_SL,3333718.7284
USD_CHF,2026-03-26 03:00:00+00:00,2026-03-26 19:00:00+00:00,LONG,0.79176,0.79573,0.79263,7766820,6667.4375,30273.1802,EXIT_MODEL,3363991.9086
USD_JPY,2026-03-26 04:00:00+00:00,2026-03-26 17:00:00+00:00,LONG,159.436,159.763,159.45901,59671187,6727.9838,95417.1088,EXIT_MODEL,3459409.0174
DE30_EUR,2026-03-26 04:00:00+00:00,2026-03-26 15:00:00+00:00,SHORT,22900.4,22737.5,23053.71326,53,6918.818,7379.2308,EOD,3466788.2482
EUR_USD,2026-03-26 09:00:00+00:00,2026-03-27 07:00:00+00:00,SHORT,1.15596,1.1519,1.15594,346678825,6933.5765,1099621.898,EXIT_MODEL,4566410.1462
SPX500_USD,2026-03-26 10:00:00+00:00,2026-03-26 19:00:00+00:00,SHORT,6555.6,6485.6,6551.06036,2575,9132.8203,140820.3125,EXIT_MODEL,4707230.4587
NAS100_USD,2026-03-26 10:00:00+00:00,2026-03-26 19:00:00+00:00,SHORT,24005.2,23622.0,23914.57599,133,9414.4609,39816.875,EXIT_MODEL,4747047.3337
GBP_USD,2026-03-26 11:00:00+00:00,2026-03-27 11:00:00+00:00,LONG,1.33264,1.33006,1.33006,3679882,9494.0947,-7417.2622,SL,4739630.0715
USD_JPY,2026-03-27 00:00:00+00:00,2026-03-27 15:00:00+00:00,LONG,159.562,159.83628,159.83628,7058619,9479.2601,9462.9936,TRAIL_SL,4749093.0651
AUD_USD,2026-03-27 03:00:00+00:00,2026-03-27 17:00:00+00:00,SHORT,0.69053,0.68689,0.69007,20648231,9498.1861,58718.4069,EXIT_MODEL,4807811.472
USD_CHF,2026-03-27 04:00:00+00:00,2026-03-27 18:00:00+00:00,LONG,0.79528,0.7986,0.79576,20392300,9615.6229,66231.5654,EXIT_MODEL,4874043.0374
DE30_EUR,2026-03-27 05:00:00+00:00,2026-03-27 08:00:00+00:00,SHORT,22806.6,22719.06162,22719.06162,130,9748.0861,9726.4867,TRAIL_SL,4883769.5241
SPX500_USD,2026-03-27 11:00:00+00:00,2026-03-27 19:00:00+00:00,SHORT,6464.2,6371.7,6436.32072,448,9767.539,32375.0,EXIT_MODEL,4916144.5241
EUR_USD,2026-03-27 11:00:00+00:00,2026-03-27 20:00:00+00:00,LONG,1.15077,1.15114,1.14891,5286177,9832.289,1528.0355,FRIDAY_CLOSE,4917672.5596
NAS100_USD,2026-03-27 11:00:00+00:00,2026-03-27 20:00:00+00:00,SHORT,23498.2,23104.2,23382.20807,109,9835.3451,33551.5625,EOD,4951224.1221
USD_CHF,2026-03-29 21:00:00+00:00,2026-03-30 21:00:00+00:00,LONG,0.79879,0.79944,0.79703,5752710,9902.4482,3654.1805,MAX_BARS,4954878.3026
EUR_USD,2026-03-29 21:00:00+00:00,2026-03-30 12:00:00+00:00,LONG,1.15,1.14792,1.14792,4764306,9909.7566,-7741.9972,SL,4947136.3054
GBP_USD,2026-03-29 21:00:00+00:00,2026-03-30 13:00:00+00:00,SHORT,1.32677,1.32303,1.32303,2645527,9894.2726,7729.8992,TRAIL_SL,4954866.2046
USD_JPY,2026-03-29 21:00:00+00:00,2026-03-30 03:00:00+00:00,SHORT,160.242,159.792,160.18502,35671864,9909.7324,78482.5879,EXIT_MODEL,5033348.7925
AUD_USD,2026-03-29 21:00:00+00:00,2026-03-30 21:00:00+00:00,SHORT,0.68658,0.68517,0.68888,4376825,10066.6976,4821.3463,MAX_BARS,5038170.1388
DE30_EUR,2026-03-30 00:00:00+00:00,2026-03-30 11:00:00+00:00,LONG,22058.0,22440.0,22147.85773,131,10076.3403,42770.9402,EXIT_MODEL,5080941.079
NAS100_USD,2026-03-30 12:00:00+00:00,2026-03-30 18:00:00+00:00,SHORT,23348.6,22972.6,23244.18335,125,10161.8822,36718.75,EXIT_MODEL,5117659.829
USD_JPY,2026-03-30 12:00:00+00:00,2026-03-30 22:00:00+00:00,LONG,159.373,159.804,159.40346,68548227,10235.3197,144436.1425,EXIT_MODEL,5262095.9715
AUD_USD,2026-03-31 00:00:00+00:00,2026-03-31 14:00:00+00:00,LONG,0.68571,0.68582,0.68582,95674472,10524.1919,8222.0249,TRAIL_SL,5270317.9964
USD_JPY,2026-03-31 00:00:00+00:00,2026-03-31 11:00:00+00:00,SHORT,159.882,159.75306,159.75306,16729721,10540.636,10549.1437,TRAIL_SL,5280867.1401
USD_CHF,2026-03-31 01:00:00+00:00,2026-03-31 14:00:00+00:00,LONG,0.7984,0.80097,0.80097,4199839,10561.7343,10527.8465,TRAIL_SL,5291394.9866
DE30_EUR,2026-03-31 04:00:00+00:00,2026-03-31 15:00:00+00:00,LONG,22648.6,22726.6,22461.58498,66,10582.79,4400.0,EOD,5295794.9866
NAS100_USD,2026-03-31 10:00:00+00:00,2026-03-31 16:00:00+00:00,LONG,23136.0,23308.493,23308.493,79,10591.59,10646.0523,TRAIL_SL,5306441.0389
EUR_USD,2026-03-31 10:00:00+00:00,2026-03-31 13:00:00+00:00,LONG,1.1459,1.15323,1.14967,2815088,10612.8821,16120.7774,EXIT_MODEL,5322561.8163
SPX500_USD,2026-03-31 11:00:00+00:00,2026-03-31 18:00:00+00:00,LONG,6419.4,6520.6,6444.45204,544,10645.1236,43010.0,EXIT_MODEL,5365571.8163
GBP_USD,2026-04-01 01:00:00+00:00,2026-04-01 14:00:00+00:00,LONG,1.32316,1.3334,1.32749,2478324,10731.1436,19826.592,EXIT_MODEL,5385398.4083
EUR_USD,2026-04-01 01:00:00+00:00,2026-04-01 14:00:00+00:00,LONG,1.15618,1.16226,1.1574,8828522,10770.7968,41935.4795,EXIT_MODEL,5427333.8878
AUD_USD,2026-04-01 03:00:00+00:00,2026-04-01 06:00:00+00:00,LONG,0.69044,0.69135,0.69135,11928206,10854.6678,8480.209,TRAIL_SL,5435814.0968
DE30_EUR,2026-04-01 03:00:00+00:00,2026-04-01 15:00:00+00:00,LONG,23123.6,23457.8,23147.07277,542,10871.6282,154817.4359,EOD,5590631.5327
USD_JPY,2026-04-01 03:00:00+00:00,2026-04-01 06:00:00+00:00,SHORT,158.862,158.31,158.75564,21376792,11181.2631,58232.2124,EXIT_MODEL,5648863.7451
NAS100_USD,2026-04-01 08:00:00+00:00,2026-04-01 20:00:00+00:00,LONG,23919.3,24036.6,23764.7258,94,11297.7275,8614.2187,EOD,5657477.9638
SPX500_USD,2026-04-01 11:00:00+00:00,2026-04-01 20:00:00+00:00,SHORT,6593.4,6583.4,6626.98129,431,11314.9559,3367.1875,EOD,5660845.1513
USD_JPY,2026-04-02 00:00:00+00:00,2026-04-02 01:00:00+00:00,LONG,158.671,158.84067,158.84067,13552323,11321.6903,11309.5968,TRAIL_SL,5672154.7481
GBP_USD,2026-04-02 00:00:00+00:00,2026-04-02 01:00:00+00:00,SHORT,1.33124,1.33066,1.33066,19559154,11344.3095,8862.7417,TRAIL_SL,5681017.4898
USD_CHF,2026-04-02 00:00:00+00:00,2026-04-02 04:00:00+00:00,LONG,0.79316,0.79851,0.79476,7209529,11362.035,37737.2584,EXIT_MODEL,5718754.7482
AUD_USD,2026-04-02 00:00:00+00:00,2026-04-02 01:00:00+00:00,SHORT,0.69309,0.69142,0.69142,6848808,11437.5095,8935.5542,TRAIL_SL,5727690.3024
NAS100_USD,2026-04-02 11:00:00+00:00,2026-04-02 14:00:00+00:00,LONG,23527.4,23738.69528,23738.69528,69,11455.3806,11390.1362,TRAIL_SL,5739080.4386
SPX500_USD,2026-04-02 11:00:00+00:00,2026-04-02 14:00:00+00:00,LONG,6473.4,6519.72329,6519.72329,317,11478.1609,11472.2523,TRAIL_SL,5750552.6909
AUD_USD,2026-04-03 00:00:00+00:00,2026-04-03 19:00:00+00:00,SHORT,0.6913,0.68856,0.69092,30266067,11501.1054,64788.2997,EXIT_MODEL,5815340.9906
GBP_USD,2026-04-03 05:00:00+00:00,2026-04-03 18:00:00+00:00,SHORT,1.32338,1.31922,1.32265,15932441,11630.682,51780.4332,EXIT_MODEL,5867121.4238
SPX500_USD,2026-04-03 06:00:00+00:00,2026-04-05 22:00:00+00:00,LONG,6572.0,6546.77774,6546.77774,595,11734.2428,-11724.4099,SL,5855397.0139
USD_CHF,2026-04-03 06:00:00+00:00,2026-04-03 16:00:00+00:00,LONG,0.79837,0.8008,0.79843,199456995,11710.794,472847.9507,EXIT_MODEL,6328244.9646
EUR_USD,2026-04-03 07:00:00+00:00,2026-04-03 20:00:00+00:00,SHORT,1.15429,1.15222,1.15573,8789229,12656.4899,14213.8313,FRIDAY_CLOSE,6342458.7959
USD_JPY,2026-04-03 11:00:00+00:00,2026-04-03 20:00:00+00:00,LONG,159.56,159.632,159.38675,14953691,12684.9176,5269.2763,FRIDAY_CLOSE,6347728.0722
NAS100_USD,2026-04-03 12:00:00+00:00,2026-04-05 22:00:00+00:00,LONG,23965.2,23866.26825,23866.26825,164,12695.4561,-12675.6305,SL,6335052.4417
USD_CHF,2026-04-05 21:00:00+00:00,2026-04-06 07:00:00+00:00,LONG,0.79976,0.79832,0.79832,9007149,12670.1049,-12670.1049,SL,6322382.3368
AUD_USD,2026-04-05 21:00:00+00:00,2026-04-06 07:00:00+00:00,LONG,0.68872,0.6912,0.6912,5098695,12644.7647,9878.7216,TRAIL_SL,6332261.0584
EUR_USD,2026-04-05 21:00:00+00:00,2026-04-06 06:00:00+00:00,SHORT,1.15213,1.1535,1.1535,9244177,12664.5221,-9894.1582,SL,6322366.9002
GBP_USD,2026-04-05 21:00:00+00:00,2026-04-06 07:00:00+00:00,LONG,1.31924,1.32218,1.32218,4300930,12644.7338,9878.6986,TRAIL_SL,6332245.5988
USD_JPY,2026-04-05 21:00:00+00:00,2026-04-06 07:00:00+00:00,LONG,159.632,159.4489,159.4489,14132836,12664.4912,-12664.4912,SL,6319581.1076
USD_JPY,2026-04-06 07:00:00+00:00,2026-04-06 14:00:00+00:00,LONG,159.388,159.41634,159.41634,90987982,12639.1622,12636.9153,TRAIL_SL,6332218.0229
SPX500_USD,2026-04-06 12:00:00+00:00,2026-04-06 14:00:00+00:00,SHORT,6594.8,6619.35843,6619.35843,660,12664.436,-12662.9405,SL,6319555.0824
GBP_USD,2026-04-06 13:00:00+00:00,2026-04-07 08:00:00+00:00,SHORT,1.32574,1.32558,1.32558,78994439,12639.1102,9874.3049,TRAIL_SL,6329429.3873
USD_CHF,2026-04-06 13:00:00+00:00,2026-04-07 13:00:00+00:00,LONG,0.79696,0.80018,0.79535,8020754,12658.8588,25215.838,MAX_BARS,6354645.2253
NAS100_USD,2026-04-06 13:00:00+00:00,2026-04-06 20:00:00+00:00,SHORT,24260.6,24214.2,24380.82517,135,12709.2905,4893.75,EOD,6359538.9753
AUD_USD,2026-04-07 01:00:00+00:00,2026-04-07 08:00:00+00:00,LONG,0.69023,0.69261,0.69261,5344150,12719.078,9936.7789,TRAIL_SL,6369475.7542
EUR_USD,2026-04-07 05:00:00+00:00,2026-04-07 08:00:00+00:00,LONG,1.15354,1.15447,1.15447,13697797,12738.9515,9952.3056,TRAIL_SL,6379428.0598
DE30_EUR,2026-04-07 07:00:00+00:00,2026-04-07 08:00:00+00:00,SHORT,23252.8,23402.59782,23402.59782,100,12758.8561,-12758.8561,SL,6366669.2037
USD_JPY,2026-04-07 07:00:00+00:00,2026-04-07 08:00:00+00:00,SHORT,159.864,159.72646,159.72646,18944097,12733.3384,12744.3031,TRAIL_SL,6379413.5068
NAS100_USD,2026-04-07 09:00:00+00:00,2026-04-07 14:00:00+00:00,SHORT,24252.3,23875.2,24104.78535,111,12758.827,32701.6406,EXIT_MODEL,6412115.1474
GBP_USD,2026-04-07 10:00:00+00:00,2026-04-07 22:00:00+00:00,LONG,1.32432,1.3328,1.3328,1512291,12824.2303,10018.9279,TRAIL_SL,6422134.0753
USD_CHF,2026-04-07 13:00:00+00:00,2026-04-07 22:00:00+00:00,SHORT,0.80018,0.79595,0.79595,3110045,12844.2682,12912.5282,TRAIL_SL,6435046.6035
SPX500_USD,2026-04-07 14:00:00+00:00,2026-04-07 19:00:00+00:00,LONG,6556.8,6624.6,6557.59116,20822,12870.0932,1102915.3125,EXIT_MODEL,7537961.916
USD_CHF,2026-04-08 06:00:00+00:00,2026-04-09 06:00:00+00:00,LONG,0.78804,0.79135,0.78577,6699098,15075.9238,21891.0074,MAX_BARS,7559852.9234
DE30_EUR,2026-04-08 09:00:00+00:00,2026-04-08 15:00:00+00:00,LONG,24035.2,24183.8,23790.89314,72,15119.7058,9144.6154,EOD,7568997.5388
NAS100_USD,2026-04-08 10:00:00+00:00,2026-04-08 20:00:00+00:00,SHORT,25064.9,24897.0,25217.06592,127,15137.9951,16658.8281,EOD,7585656.3669
SPX500_USD,2026-04-08 11:00:00+00:00,2026-04-08 20:00:00+00:00,SHORT,6808.0,6784.4,6841.94269,572,15171.3127,10546.25,EOD,7596202.6169
AUD_USD,2026-04-08 11:00:00+00:00,2026-04-09 11:00:00+00:00,SHORT,0.7054,0.70458,0.70841,5047311,15192.4052,3233.4336,MAX_BARS,7599436.0505
GBP_USD,2026-04-08 11:00:00+00:00,2026-04-08 18:00:00+00:00,SHORT,1.34662,1.33864,1.34493,8993415,15198.8721,56068.3216,EXIT_MODEL,7655504.3721
USD_JPY,2026-04-08 12:00:00+00:00,2026-04-09 07:00:00+00:00,LONG,158.018,158.972,158.47177,6824716,15311.0087,31996.4909,EXIT_MODEL,7687500.863
EUR_USD,2026-04-08 12:00:00+00:00,2026-04-08 18:00:00+00:00,SHORT,1.17141,1.16504,1.17123,85416676,15375.0017,425081.4267,EXIT_MODEL,8112582.2897
DE30_EUR,2026-04-09 04:00:00+00:00,2026-04-09 15:00:00+00:00,SHORT,23979.2,23970.0,24152.85718,109,16225.1646,857.094,EOD,8113439.3837
EUR_USD,2026-04-09 05:00:00+00:00,2026-04-10 05:00:00+00:00,LONG,1.1661,1.169,1.16712,15908705,16226.8788,36043.1598,MAX_BARS,8149482.5435
GBP_USD,2026-04-09 05:00:00+00:00,2026-04-09 17:00:00+00:00,LONG,1.3391,1.34514,1.34055,11240666,16298.9651,53041.8927,EXIT_MODEL,8202524.4362
USD_CHF,2026-04-09 06:00:00+00:00,2026-04-10 06:00:00+00:00,SHORT,0.79135,0.79028,0.793,10070990,16405.0489,10652.8296,MAX_BARS,8213177.2658
SPX500_USD,2026-04-09 07:00:00+00:00,2026-04-09 16:00:00+00:00,LONG,6766.4,6831.1,6780.67012,1473,16426.3545,74455.5469,EXIT_MODEL,8287632.8127
NAS100_USD,2026-04-09 10:00:00+00:00,2026-04-09 19:00:00+00:00,LONG,24840.0,25107.3,24896.10873,378,16575.2656,78937.0312,EXIT_MODEL,8366569.8439
USD_JPY,2026-04-09 14:00:00+00:00,2026-04-09 16:00:00+00:00,SHORT,159.188,158.764,159.16247,133550930,16733.1397,278644.69,EXIT_MODEL,8645214.5339
GBP_USD,2026-04-10 05:00:00+00:00,2026-04-10 18:00:00+00:00,LONG,1.34192,1.34694,1.34349,11013012,17290.4291,43191.6564,EXIT_MODEL,8688406.1903
USD_JPY,2026-04-10 05:00:00+00:00,2026-04-10 20:00:00+00:00,SHORT,159.258,159.275,159.49977,14651393,17376.8124,-1221.716,FRIDAY_CLOSE,8687184.4743
USD_CHF,2026-04-10 06:00:00+00:00,2026-04-10 13:00:00+00:00,SHORT,0.79028,0.78696,0.78959,25471288,17374.3689,83951.0944,EXIT_MODEL,8771135.5687
EUR_USD,2026-04-10 07:00:00+00:00,2026-04-10 13:00:00+00:00,LONG,1.16797,1.17278,1.16965,10441828,17542.2711,39238.4318,EXIT_MODEL,8810374.0005
AUD_USD,2026-04-10 07:00:00+00:00,2026-04-10 14:00:00+00:00,LONG,0.7055,0.70832,0.70618,25912865,17620.748,57089.2807,EXIT_MODEL,8867463.2812
DE30_EUR,2026-04-10 08:00:00+00:00,2026-04-10 15:00:00+00:00,LONG,23867.4,23829.0,23745.5309,170,17734.9266,-5579.4872,EOD,8861883.794
NAS100_USD,2026-04-10 11:00:00+00:00,2026-04-10 20:00:00+00:00,LONG,25126.6,25184.2,25043.74261,274,17723.7676,12330.0,EOD,8874213.794
SPX500_USD,2026-04-10 14:00:00+00:00,2026-04-10 20:00:00+00:00,SHORT,6843.4,6830.0,6863.50175,1130,17748.4276,11829.6875,EOD,8886043.4815
AUD_USD,2026-04-12 21:00:00+00:00,2026-04-13 16:00:00+00:00,LONG,0.70098,0.70812,0.70495,4476596,17772.087,24971.0121,EXIT_MODEL,8911014.4936
USD_CHF,2026-04-12 21:00:00+00:00,2026-04-12 22:00:00+00:00,SHORT,0.79098,0.79287,0.79287,9547086,17822.029,-17779.5467,SL,8893234.9469
GBP_USD,2026-04-12 21:00:00+00:00,2026-04-13 18:00:00+00:00,LONG,1.3408,1.35078,1.34598,3433681,17786.4699,26771.9815,EXIT_MODEL,8920006.9284
EUR_USD,2026-04-12 21:00:00+00:00,2026-04-13 16:00:00+00:00,LONG,1.16736,1.1725,1.1679,33037063,17840.0139,132664.4561,EXIT_MODEL,9052671.3845
USD_JPY,2026-04-12 21:00:00+00:00,2026-04-12 22:00:00+00:00,SHORT,159.602,159.82902,159.82902,16292620,18105.3428,-18079.626,SL,9034591.7585
DE30_EUR,2026-04-13 04:00:00+00:00,2026-04-13 15:00:00+00:00,LONG,23601.4,23809.4,23464.25961,154,18069.1835,27377.7778,EOD,9061969.5363
USD_JPY,2026-04-13 04:00:00+00:00,2026-04-13 17:00:00+00:00,SHORT,159.726,159.412,159.70722,197307044,18123.9391,303627.6079,EXIT_MODEL,9365597.1442
USD_CHF,2026-04-13 09:00:00+00:00,2026-04-13 16:00:00+00:00,SHORT,0.79046,0.78587,0.78881,11486068,18731.1943,52411.1138,EXIT_MODEL,9418008.258
SPX500_USD,2026-04-13 11:00:00+00:00,2026-04-13 14:00:00+00:00,LONG,6772.6,6834.6,6791.56451,1271,18836.0165,61564.0625,EXIT_MODEL,9479572.3205
NAS100_USD,2026-04-13 11:00:00+00:00,2026-04-13 16:00:00+00:00,LONG,24947.6,25276.5,25079.87993,183,18959.1446,47022.4219,EXIT_MODEL,9526594.7424
AUD_USD,2026-04-14 01:00:00+00:00,2026-04-14 12:00:00+00:00,LONG,0.70794,0.71364,0.71133,5620410,19053.1895,25028.3883,EXIT_MODEL,9551623.1307
USD_JPY,2026-04-14 01:00:00+00:00,2026-04-14 12:00:00+00:00,SHORT,159.213,158.715,159.01736,19899310,19103.2463,48779.7328,EXIT_MODEL,9600402.8635
USD_CHF,2026-04-14 02:00:00+00:00,2026-04-14 12:00:00+00:00,SHORT,0.78362,0.77994,0.78284,24691094,19200.8057,91015.8413,EXIT_MODEL,9691418.7048
DE30_EUR,2026-04-14 03:00:00+00:00,2026-04-14 14:00:00+00:00,LONG,23964.0,24141.9,23965.56535,14487,19382.8374,2202766.9231,EXIT_MODEL,11894185.6279
GBP_USD,2026-04-14 04:00:00+00:00,2026-04-14 11:00:00+00:00,LONG,1.35192,1.35718,1.35396,11660966,23788.3713,47919.2822,EXIT_MODEL,11942104.9101
EUR_USD,2026-04-14 05:00:00+00:00,2026-04-14 14:00:00+00:00,LONG,1.17642,1.18088,1.17755,21136469,23884.2098,73647.3842,EXIT_MODEL,12015752.2943
NAS100_USD,2026-04-14 09:00:00+00:00,2026-04-14 15:00:00+00:00,LONG,25503.2,25741.0,25583.90948,381,24031.5046,70782.6562,EXIT_MODEL,12086534.9505
SPX500_USD,2026-04-14 09:00:00+00:00,2026-04-14 14:00:00+00:00,LONG,6902.8,6946.7,6913.38692,2923,24173.0699,100249.7656,EXIT_MODEL,12186784.7161
USD_JPY,2026-04-15 00:00:00+00:00,2026-04-15 12:00:00+00:00,LONG,158.816,159.108,158.82037,1133814276,24373.5694,1625634.0455,EXIT_MODEL,13812418.7616
DE30_EUR,2026-04-15 04:00:00+00:00,2026-04-15 15:00:00+00:00,LONG,24096.0,24143.6,24013.61327,392,27624.8375,15948.0342,EOD,13828366.7958
NAS100_USD,2026-04-15 09:00:00+00:00,2026-04-15 18:00:00+00:00,LONG,25843.2,26168.6,26016.16303,205,27656.7336,52114.8437,EXIT_MODEL,13880481.6395
EUR_USD,2026-04-15 10:00:00+00:00,2026-04-16 02:00:00+00:00,LONG,1.1777,1.1817,1.17852,33854833,27760.9633,105796.3531,EXIT_MODEL,13986277.9926
USD_CHF,2026-04-15 10:00:00+00:00,2026-04-16 09:00:00+00:00,SHORT,0.78255,0.78386,0.78386,21388628,27972.556,-27925.8081,SL,13958352.1845
AUD_USD,2026-04-15 10:00:00+00:00,2026-04-15 18:00:00+00:00,LONG,0.71377,0.71748,0.71561,15172122,27916.7044,43975.4474,EXIT_MODEL,14002327.6319
GBP_USD,2026-04-15 10:00:00+00:00,2026-04-16 08:00:00+00:00,LONG,1.35476,1.35533,1.35533,49130974,28004.6553,21878.6369,TRAIL_SL,14024206.2688
SPX500_USD,2026-04-15 11:00:00+00:00,2026-04-15 18:00:00+00:00,LONG,6978.2,7028.1,6996.31466,1982,28048.4125,77267.0313,EXIT_MODEL,14101473.3001
AUD_USD,2026-04-16 03:00:00+00:00,2026-04-16 16:00:00+00:00,SHORT,0.7192,0.7159,0.71785,20891072,28202.9466,53859.795,EXIT_MODEL,14155333.0951
DE30_EUR,2026-04-16 06:00:00+00:00,2026-04-16 12:00:00+00:00,SHORT,24241.6,24320.87681,24320.87681,418,28310.6662,-28310.6662,SL,14127022.4289
USD_CHF,2026-04-16 10:00:00+00:00,2026-04-17 10:00:00+00:00,SHORT,0.78388,0.78255,0.78519,21640580,28254.0449,28734.1578,MAX_BARS,14155756.5867
NAS100_USD,2026-04-16 13:00:00+00:00,2026-04-16 15:00:00+00:00,LONG,26187.2,26400.7,26219.57502,1119,28311.5132,186645.7031,EXIT_MODEL,14342402.2898
SPX500_USD,2026-04-16 13:00:00+00:00,2026-04-16 20:00:00+00:00,LONG,7025.5,7049.4,7010.00672,2370,28684.8046,44252.3437,EOD,14386654.6335
EUR_USD,2026-04-16 13:00:00+00:00,2026-04-17 12:00:00+00:00,LONG,1.17724,1.18038,1.18038,9163474,28773.3093,22479.1472,TRAIL_SL,14409133.7807
AUD_USD,2026-04-17 00:00:00+00:00,2026-04-17 12:00:00+00:00,LONG,0.71611,0.71929,0.71929,9062348,28818.2676,22514.2708,TRAIL_SL,14431648.0515
DE30_EUR,2026-04-17 04:00:00+00:00,2026-04-17 09:00:00+00:00,LONG,24231.0,24406.5,24273.83937,788,28863.2961,118200.0,EXIT_MODEL,14549848.0515
USD_JPY,2026-04-17 04:00:00+00:00,2026-04-17 08:00:00+00:00,SHORT,159.47,159.143,159.42634,136048478,29099.6961,218395.6229,EXIT_MODEL,14768243.6744
GBP_USD,2026-04-17 05:00:00+00:00,2026-04-17 12:00:00+00:00,LONG,1.35192,1.35563,1.35563,7961317,29536.4873,23075.3797,TRAIL_SL,14791319.0541
USD_CHF,2026-04-17 10:00:00+00:00,2026-04-17 12:00:00+00:00,SHORT,0.78255,0.78138,0.78138,25326379,29582.6381,29626.9335,TRAIL_SL,14820945.9876
SPX500_USD,2026-04-17 10:00:00+00:00,2026-04-17 12:00:00+00:00,LONG,7061.6,7080.33184,7080.33184,2026,29641.892,29648.9905,TRAIL_SL,14850594.9781
NAS100_USD,2026-04-17 10:00:00+00:00,2026-04-17 12:00:00+00:00,LONG,26393.0,26462.24841,26462.24841,549,29701.19,29701.0759,TRAIL_SL,14880296.054
USD_JPY,2026-04-19 21:00:00+00:00,2026-04-20 18:00:00+00:00,SHORT,158.908,158.907,159.2729,16589123,29760.5921,81.5587,DATA_END,14880377.6127
USD_CHF,2026-04-19 21:00:00+00:00,2026-04-20 14:00:00+00:00,SHORT,0.78268,0.7785,0.78171,30737350,29760.7552,128935.9776,EXIT_MODEL,15009313.5903
AUD_USD,2026-04-19 21:00:00+00:00,2026-04-20 09:00:00+00:00,LONG,0.71182,0.7158,0.71297,26103154,30018.6272,81164.4945,EXIT_MODEL,15090478.0848
GBP_USD,2026-04-19 21:00:00+00:00,2026-04-20 18:00:00+00:00,LONG,1.34835,1.35323,1.34928,32452641,30180.9562,123725.6938,DATA_END,15214203.7786
EUR_USD,2026-04-19 21:00:00+00:00,2026-04-20 15:00:00+00:00,LONG,1.17322,1.17841,1.17387,46812935,30428.4076,189811.8224,EXIT_MODEL,15404015.601
DE30_EUR,2026-04-20 08:00:00+00:00,2026-04-20 15:00:00+00:00,LONG,24414.5,24480.6,24282.66083,273,30808.0312,15423.3333,EOD,15419438.9343
AUD_USD,2026-04-20 10:00:00+00:00,2026-04-20 18:00:00+00:00,LONG,0.71566,0.71753,0.71375,16146009,30838.8779,23588.31,DATA_END,15443027.2443
NAS100_USD,2026-04-20 12:00:00+00:00,2026-04-20 18:00:00+00:00,SHORT,26617.8,26608.3,26716.47984,401,30886.0545,2976.1719,DATA_END,15446003.4162
